_c0,_c1,_c2,_c3,_c4,_c5,_c6
antecedent,consequent,support,confidence,lift,antecedent_desc,consequent_desc
20712,22386,0.010735865343116099,0.40447154471544716,8.607674572727358,JUMBO BAG WOODLAND ANIMALS,JUMBO BAG PINK POLKADOT
20712,85099B,0.014134656883901597,0.532520325203252,6.169247967479674,JUMBO BAG WOODLAND ANIMALS,JUMBO BAG RED RETROSPOT
20713,85099B,0.01089771255934398,0.49148418491484186,5.693844282238443,JUMBO BAG OWLS,JUMBO BAG RED RETROSPOT
20719,20723,0.011545101424255503,0.4030131826741996,15.18343974400196,WOODLAND CHARLOTTE BAG,STRAWBERRY CHARLOTTE BAG
20719,20724,0.015591281829952525,0.544256120527307,13.651328078611858,WOODLAND CHARLOTTE BAG,RED RETROSPOT CHARLOTTE BAG
20719,22355,0.01305567544238239,0.455743879472693,14.4404590596681,WOODLAND CHARLOTTE BAG,CHARLOTTE BAG SUKI DESIGN
20719,22356,0.010574018126888218,0.3691148775894539,14.049103431207632,WOODLAND CHARLOTTE BAG,CHARLOTTE BAG PINK POLKADOT
20723,20719,0.011545101424255503,0.4349593495934959,15.183439744001959,STRAWBERRY CHARLOTTE BAG,WOODLAND CHARLOTTE BAG
20723,20724,0.015968925334484248,0.6016260162601627,15.090311011364513,STRAWBERRY CHARLOTTE BAG,RED RETROSPOT CHARLOTTE BAG
20723,22355,0.012624082865774709,0.47560975609756095,15.069918699186992,STRAWBERRY CHARLOTTE BAG,CHARLOTTE BAG SUKI DESIGN
20723,22356,0.011275356063875702,0.4247967479674797,16.16844460025709,STRAWBERRY CHARLOTTE BAG,CHARLOTTE BAG PINK POLKADOT
20724,20719,0.015591281829952525,0.3910690121786198,13.651328078611858,RED RETROSPOT CHARLOTTE BAG,WOODLAND CHARLOTTE BAG
20724,20723,0.015968925334484248,0.40054127198917455,15.090311011364511,RED RETROSPOT CHARLOTTE BAG,STRAWBERRY CHARLOTTE BAG
20724,20725,0.01294777729823047,0.32476319350473615,4.670140073548324,RED RETROSPOT CHARLOTTE BAG,LUNCH BAG RED SPOTTY | LUNCH BAG RED RETROSPOT
20724,22355,0.016076823478636166,0.40324763193504737,12.777090778714596,RED RETROSPOT CHARLOTTE BAG,CHARLOTTE BAG SUKI DESIGN
20724,22356,0.017371601208459216,0.435723951285521,16.584351460017285,RED RETROSPOT CHARLOTTE BAG,CHARLOTTE BAG PINK POLKADOT
20724,85099B,0.014889943892965041,0.37347767253044656,4.326738836265223,RED RETROSPOT CHARLOTTE BAG,JUMBO BAG RED RETROSPOT
20725,20726,0.023359948208890806,0.3359193173002327,7.593415201801358,LUNCH BAG RED SPOTTY | LUNCH BAG RED RETROSPOT,LUNCH BAG WOODLAND
20725,20727,0.02789167026327147,0.4010861132660978,7.067045813213297,LUNCH BAG RED SPOTTY | LUNCH BAG RED RETROSPOT,LUNCH BAG  BLACK SKULL.
20725,20728,0.024762624082865774,0.3560899922420481,6.832799271427126,LUNCH BAG RED SPOTTY | LUNCH BAG RED RETROSPOT,LUNCH BAG CARS BLUE
20725,22382,0.025194216659473457,0.36229635376260666,6.797090296906555,LUNCH BAG RED SPOTTY | LUNCH BAG RED RETROSPOT,LUNCH BAG SPACEBOY DESIGN
20725,22383,0.027999568407423393,0.4026377036462374,7.155601605739843,LUNCH BAG RED SPOTTY | LUNCH BAG RED RETROSPOT,LUNCH BAG SUKI  DESIGN  | LUNCH BAG SUKI DESIGN
20725,22384,0.028215364695727232,0.4057408844065167,8.078209488033504,LUNCH BAG RED SPOTTY | LUNCH BAG RED RETROSPOT,LUNCH BAG PINK POLKADOT
20725,23206,0.020986189037548553,0.30178432893716056,6.459439169952897,LUNCH BAG RED SPOTTY | LUNCH BAG RED RETROSPOT,LUNCH BAG APPLE DESIGN
20725,23209,0.022604661199827365,0.32505818463925523,5.989342455738803,LUNCH BAG RED SPOTTY | LUNCH BAG RED RETROSPOT,LUNCH BAG VINTAGE DOILEY  | LUNCH BAG DOILEY PATTERN  | LUNCH BAG VINTAGE DOILY
20725,85099B,0.022928355632283126,0.3297129557796742,3.819724592707525,LUNCH BAG RED SPOTTY | LUNCH BAG RED RETROSPOT,JUMBO BAG RED RETROSPOT
"20725,85099B",22384,0.010088476478204576,0.44,8.760300751879699,LUNCH BAG RED SPOTTY | LUNCH BAG RED RETROSPOT | JUMBO BAG RED RETROSPOT,LUNCH BAG PINK POLKADOT
20726,20725,0.023359948208890806,0.5280487804878049,7.593415201801359,LUNCH BAG WOODLAND,LUNCH BAG RED SPOTTY | LUNCH BAG RED RETROSPOT
20726,20727,0.018720328010358223,0.42317073170731706,7.456171751831587,LUNCH BAG WOODLAND,LUNCH BAG  BLACK SKULL.
20726,20728,0.019529564091497625,0.44146341463414634,8.470979144574054,LUNCH BAG WOODLAND,LUNCH BAG CARS BLUE
20726,22382,0.02184937419076392,0.49390243902439024,9.266169645502123,LUNCH BAG WOODLAND,LUNCH BAG SPACEBOY DESIGN
20726,22383,0.019529564091497625,0.44146341463414634,7.845604845310198,LUNCH BAG WOODLAND,LUNCH BAG SUKI  DESIGN  | LUNCH BAG SUKI DESIGN
20726,22384,0.017155804920155372,0.3878048780487805,7.721107647166698,LUNCH BAG WOODLAND,LUNCH BAG PINK POLKADOT
20726,22662,0.013649115235217954,0.30853658536585366,9.56360225140713,LUNCH BAG WOODLAND,LUNCH BAG DOLLY GIRL DESIGN
20726,23206,0.016076823478636166,0.36341463414634145,7.778583901312454,LUNCH BAG WOODLAND,LUNCH BAG APPLE DESIGN
20726,23209,0.014026758739749677,0.3170731707317073,5.842215002666926,LUNCH BAG WOODLAND,LUNCH BAG VINTAGE DOILEY  | LUNCH BAG DOILEY PATTERN  | LUNCH BAG VINTAGE DOILY
"20726,20725",20727,0.012408286577470867,0.5311778290993071,9.359232167476003,LUNCH BAG WOODLAND | LUNCH BAG RED SPOTTY | LUNCH BAG RED RETROSPOT,LUNCH BAG  BLACK SKULL.
"20726,20725",20728,0.012408286577470867,0.5311778290993071,10.192455735180907,LUNCH BAG WOODLAND | LUNCH BAG RED SPOTTY | LUNCH BAG RED RETROSPOT,LUNCH BAG CARS BLUE
"20726,20725",22382,0.013918860595597755,0.5958429561200924,11.178689306317846,LUNCH BAG WOODLAND | LUNCH BAG RED SPOTTY | LUNCH BAG RED RETROSPOT,LUNCH BAG SPACEBOY DESIGN
"20726,20725",22383,0.013757013379369874,0.5889145496535797,10.466078707937443,LUNCH BAG WOODLAND | LUNCH BAG RED SPOTTY | LUNCH BAG RED RETROSPOT,LUNCH BAG SUKI  DESIGN  | LUNCH BAG SUKI DESIGN
"20726,20725",22384,0.01278593008200259,0.5473441108545035,10.89749778603553,LUNCH BAG WOODLAND | LUNCH BAG RED SPOTTY | LUNCH BAG RED RETROSPOT,LUNCH BAG PINK POLKADOT
"20726,20725",23206,0.010466119982736296,0.44803695150115475,9.589853271391922,LUNCH BAG WOODLAND | LUNCH BAG RED SPOTTY | LUNCH BAG RED RETROSPOT,LUNCH BAG APPLE DESIGN
"20726,20727",20725,0.012408286577470867,0.6628242074927954,9.531504662596165,LUNCH BAG WOODLAND | LUNCH BAG  BLACK SKULL.,LUNCH BAG RED SPOTTY | LUNCH BAG RED RETROSPOT
"20726,20727",20728,0.010574018126888218,0.5648414985590778,10.838407885394478,LUNCH BAG WOODLAND | LUNCH BAG  BLACK SKULL.,LUNCH BAG CARS BLUE
"20726,20727",22382,0.011329305135951661,0.6051873198847262,11.354000163343406,LUNCH BAG WOODLAND | LUNCH BAG  BLACK SKULL.,LUNCH BAG SPACEBOY DESIGN
"20726,20727",22383,0.011275356063875702,0.6023054755043228,10.704059725741253,LUNCH BAG WOODLAND | LUNCH BAG  BLACK SKULL.,LUNCH BAG SUKI  DESIGN  | LUNCH BAG SUKI DESIGN
"20726,20727",22384,0.010681916271040138,0.5706051873198847,11.360620571601917,LUNCH BAG WOODLAND | LUNCH BAG  BLACK SKULL.,LUNCH BAG PINK POLKADOT
"20726,20728",20725,0.012408286577470867,0.6353591160220995,9.136552811936102,LUNCH BAG WOODLAND | LUNCH BAG CARS BLUE,LUNCH BAG RED SPOTTY | LUNCH BAG RED RETROSPOT
"20726,20728",20727,0.010574018126888218,0.5414364640883977,9.53998697561078,LUNCH BAG WOODLAND | LUNCH BAG CARS BLUE,LUNCH BAG  BLACK SKULL.
"20726,20728",22382,0.011383254208027622,0.5828729281767956,10.935356879235913,LUNCH BAG WOODLAND | LUNCH BAG CARS BLUE,LUNCH BAG SPACEBOY DESIGN
"20726,20728",22383,0.011437203280103583,0.585635359116022,10.407801549927694,LUNCH BAG WOODLAND | LUNCH BAG CARS BLUE,LUNCH BAG SUKI  DESIGN  | LUNCH BAG SUKI DESIGN
"20726,20728",22384,0.010574018126888218,0.5414364640883977,10.779877871474266,LUNCH BAG WOODLAND | LUNCH BAG CARS BLUE,LUNCH BAG PINK POLKADOT
"20726,22382",20725,0.013918860595597755,0.6370370370370371,9.160681550441055,LUNCH BAG WOODLAND | LUNCH BAG SPACEBOY DESIGN,LUNCH BAG RED SPOTTY | LUNCH BAG RED RETROSPOT
"20726,22382",20727,0.011329305135951661,0.5185185185185185,9.136178003098154,LUNCH BAG WOODLAND | LUNCH BAG SPACEBOY DESIGN,LUNCH BAG  BLACK SKULL.
"20726,22382",20728,0.011383254208027622,0.5209876543209877,9.996922526391126,LUNCH BAG WOODLAND | LUNCH BAG SPACEBOY DESIGN,LUNCH BAG CARS BLUE
"20726,22382",22383,0.011760897712559344,0.5382716049382716,9.566061811251968,LUNCH BAG WOODLAND | LUNCH BAG SPACEBOY DESIGN,LUNCH BAG SUKI  DESIGN  | LUNCH BAG SUKI DESIGN
"20726,22382",22384,0.01078981441519206,0.49382716049382713,9.831987375847024,LUNCH BAG WOODLAND | LUNCH BAG SPACEBOY DESIGN,LUNCH BAG PINK POLKADOT
"20726,22382",22662,0.010088476478204576,0.4617283950617284,14.31203600478963,LUNCH BAG WOODLAND | LUNCH BAG SPACEBOY DESIGN,LUNCH BAG DOLLY GIRL DESIGN
"20726,22383",20725,0.013757013379369874,0.7044198895027625,10.129656378450896,LUNCH BAG WOODLAND | LUNCH BAG SUKI  DESIGN  | LUNCH BAG SUKI DESIGN,LUNCH BAG RED SPOTTY | LUNCH BAG RED RETROSPOT
"20726,22383",20727,0.011275356063875702,0.5773480662983426,10.172741213789047,LUNCH BAG WOODLAND | LUNCH BAG SUKI  DESIGN  | LUNCH BAG SUKI DESIGN,LUNCH BAG  BLACK SKULL.
"20726,22383",20728,0.011437203280103583,0.585635359116022,11.237408919849466,LUNCH BAG WOODLAND | LUNCH BAG SUKI  DESIGN  | LUNCH BAG SUKI DESIGN,LUNCH BAG CARS BLUE
"20726,22383",22382,0.011760897712559344,0.6022099447513812,11.298141230679759,LUNCH BAG WOODLAND | LUNCH BAG SUKI  DESIGN  | LUNCH BAG SUKI DESIGN,LUNCH BAG SPACEBOY DESIGN
"20726,22383",22384,0.010574018126888218,0.5414364640883977,10.779877871474266,LUNCH BAG WOODLAND | LUNCH BAG SUKI  DESIGN  | LUNCH BAG SUKI DESIGN,LUNCH BAG PINK POLKADOT
"20726,22384",20725,0.01278593008200259,0.7452830188679245,10.717273884977384,LUNCH BAG WOODLAND | LUNCH BAG PINK POLKADOT,LUNCH BAG RED SPOTTY | LUNCH BAG RED RETROSPOT
"20726,22384",20727,0.010681916271040138,0.6226415094339622,10.970801348733767,LUNCH BAG WOODLAND | LUNCH BAG PINK POLKADOT,LUNCH BAG  BLACK SKULL.
"20726,22384",20728,0.010574018126888218,0.6163522012578616,11.82681615167259,LUNCH BAG WOODLAND | LUNCH BAG PINK POLKADOT,LUNCH BAG CARS BLUE
"20726,22384",22382,0.01078981441519206,0.6289308176100629,11.799455096376645,LUNCH BAG WOODLAND | LUNCH BAG PINK POLKADOT,LUNCH BAG SPACEBOY DESIGN
"20726,22384",22383,0.010574018126888218,0.6163522012578616,10.953695496179982,LUNCH BAG WOODLAND | LUNCH BAG PINK POLKADOT,LUNCH BAG SUKI  DESIGN  | LUNCH BAG SUKI DESIGN
"20726,23206",20725,0.010466119982736296,0.6510067114093959,9.361567418684688,LUNCH BAG WOODLAND | LUNCH BAG APPLE DESIGN,LUNCH BAG RED SPOTTY | LUNCH BAG RED RETROSPOT
20727,20725,0.02789167026327147,0.4914448669201521,7.067045813213297,LUNCH BAG  BLACK SKULL.,LUNCH BAG RED SPOTTY | LUNCH BAG RED RETROSPOT
20727,20726,0.018720328010358223,0.32984790874524716,7.456171751831587,LUNCH BAG  BLACK SKULL.,LUNCH BAG WOODLAND
20727,20728,0.022712559343979283,0.40019011406844107,7.6790103047335645,LUNCH BAG  BLACK SKULL.,LUNCH BAG CARS BLUE
20727,22382,0.022550712127751404,0.3973384030418251,7.454518865165253,LUNCH BAG  BLACK SKULL.,LUNCH BAG SPACEBOY DESIGN
20727,22383,0.025086318515321535,0.44201520912547526,7.855411233317171,LUNCH BAG  BLACK SKULL.,LUNCH BAG SUKI  DESIGN  | LUNCH BAG SUKI DESIGN
20727,22384,0.025032369443245578,0.44106463878326996,8.781497469910517,LUNCH BAG  BLACK SKULL.,LUNCH BAG PINK POLKADOT
20727,23206,0.017263703064307294,0.3041825095057034,6.510770203461569,LUNCH BAG  BLACK SKULL.,LUNCH BAG APPLE DESIGN
20727,23209,0.01801899007337074,0.31749049429657794,5.849904376025218,LUNCH BAG  BLACK SKULL.,LUNCH BAG VINTAGE DOILEY  | LUNCH BAG DOILEY PATTERN  | LUNCH BAG VINTAGE DOILY
"20727,20725",20726,0.012408286577470867,0.4448742746615087,10.056328725763079,LUNCH BAG  BLACK SKULL. | LUNCH BAG RED SPOTTY | LUNCH BAG RED RETROSPOT,LUNCH BAG WOODLAND
"20727,20725",20728,0.014134656883901597,0.5067698259187621,9.724105065455666,LUNCH BAG  BLACK SKULL. | LUNCH BAG RED SPOTTY | LUNCH BAG RED RETROSPOT,LUNCH BAG CARS BLUE
"20727,20725",22382,0.013864911523521796,0.49709864603481624,9.326134112248333,LUNCH BAG  BLACK SKULL. | LUNCH BAG RED SPOTTY | LUNCH BAG RED RETROSPOT,LUNCH BAG SPACEBOY DESIGN
"20727,20725",22383,0.015105740181268883,0.5415860735009671,9.624965923695038,LUNCH BAG  BLACK SKULL. | LUNCH BAG RED SPOTTY | LUNCH BAG RED RETROSPOT,LUNCH BAG SUKI  DESIGN  | LUNCH BAG SUKI DESIGN
"20727,20725",22384,0.01661631419939577,0.5957446808510638,11.861142217245241,LUNCH BAG  BLACK SKULL. | LUNCH BAG RED SPOTTY | LUNCH BAG RED RETROSPOT,LUNCH BAG PINK POLKADOT
"20727,20725",23206,0.0110056107034959,0.3945841392649903,8.445740883852034,LUNCH BAG  BLACK SKULL. | LUNCH BAG RED SPOTTY | LUNCH BAG RED RETROSPOT,LUNCH BAG APPLE DESIGN
"20727,20725",23209,0.01116745791972378,0.40038684719535783,7.377306759058801,LUNCH BAG  BLACK SKULL. | LUNCH BAG RED SPOTTY | LUNCH BAG RED RETROSPOT,LUNCH BAG VINTAGE DOILEY  | LUNCH BAG DOILEY PATTERN  | LUNCH BAG VINTAGE DOILY
20728,20725,0.024762624082865774,0.4751552795031056,6.832799271427127,LUNCH BAG CARS BLUE,LUNCH BAG RED SPOTTY | LUNCH BAG RED RETROSPOT
20728,20726,0.019529564091497625,0.3747412008281574,8.470979144574056,LUNCH BAG CARS BLUE,LUNCH BAG WOODLAND
20728,20727,0.022712559343979283,0.4358178053830228,7.6790103047335645,LUNCH BAG CARS BLUE,LUNCH BAG  BLACK SKULL.
20728,22382,0.021094087181700475,0.40476190476190477,7.593792172739541,LUNCH BAG CARS BLUE,LUNCH BAG SPACEBOY DESIGN
20728,22383,0.02438498057833405,0.46790890269151136,8.315589089443773,LUNCH BAG CARS BLUE,LUNCH BAG SUKI  DESIGN  | LUNCH BAG SUKI DESIGN
20728,22384,0.023036253776435044,0.4420289855072464,8.800697395663072,LUNCH BAG CARS BLUE,LUNCH BAG PINK POLKADOT
20728,23206,0.015645230902028486,0.3002070393374741,6.425678615657529,LUNCH BAG CARS BLUE,LUNCH BAG APPLE DESIGN
"20728,20725",20726,0.012408286577470867,0.5010893246187363,11.327063074552314,LUNCH BAG CARS BLUE | LUNCH BAG RED SPOTTY | LUNCH BAG RED RETROSPOT,LUNCH BAG WOODLAND
"20728,20725",20727,0.014134656883901597,0.5708061002178649,10.057473263914776,LUNCH BAG CARS BLUE | LUNCH BAG RED SPOTTY | LUNCH BAG RED RETROSPOT,LUNCH BAG  BLACK SKULL.
"20728,20725",22382,0.01267803193785067,0.5119825708061002,9.60537341342295,LUNCH BAG CARS BLUE | LUNCH BAG RED SPOTTY | LUNCH BAG RED RETROSPOT,LUNCH BAG SPACEBOY DESIGN
"20728,20725",22383,0.014889943892965041,0.6013071895424836,10.68631837522481,LUNCH BAG CARS BLUE | LUNCH BAG RED SPOTTY | LUNCH BAG RED RETROSPOT,LUNCH BAG SUKI  DESIGN  | LUNCH BAG SUKI DESIGN
"20728,20725",22384,0.015051791109192922,0.6078431372549019,12.102019755270529,LUNCH BAG CARS BLUE | LUNCH BAG RED SPOTTY | LUNCH BAG RED RETROSPOT,LUNCH BAG PINK POLKADOT
"20728,20727",20725,0.014134656883901597,0.6223277909738717,8.949160538007515,LUNCH BAG CARS BLUE | LUNCH BAG  BLACK SKULL.,LUNCH BAG RED SPOTTY | LUNCH BAG RED RETROSPOT
"20728,20727",20726,0.010574018126888218,0.4655581947743468,10.523886217484502,LUNCH BAG CARS BLUE | LUNCH BAG  BLACK SKULL.,LUNCH BAG WOODLAND
"20728,20727",22382,0.012030643072939145,0.5296912114014252,9.93760758556358,LUNCH BAG CARS BLUE | LUNCH BAG  BLACK SKULL.,LUNCH BAG SPACEBOY DESIGN
"20728,20727",22383,0.013595166163141994,0.5985748218527316,10.637759250107605,LUNCH BAG CARS BLUE | LUNCH BAG  BLACK SKULL.,LUNCH BAG SUKI  DESIGN  | LUNCH BAG SUKI DESIGN
"20728,20727",22384,0.014026758739749677,0.6175771971496437,12.29582269212223,LUNCH BAG CARS BLUE | LUNCH BAG  BLACK SKULL.,LUNCH BAG PINK POLKADOT
"20728,20727,20725",22384,0.010412170910660337,0.7366412213740458,14.666360557883257,LUNCH BAG CARS BLUE | LUNCH BAG  BLACK SKULL. | LUNCH BAG RED SPOTTY | LUNCH BAG RED RETROSPOT,LUNCH BAG PINK POLKADOT
"20728,22382",20725,0.01267803193785067,0.6010230179028133,8.64279492618041,LUNCH BAG CARS BLUE | LUNCH BAG SPACEBOY DESIGN,LUNCH BAG RED SPOTTY | LUNCH BAG RED RETROSPOT
"20728,22382",20726,0.011383254208027622,0.5396419437340153,12.198540328114278,LUNCH BAG CARS BLUE | LUNCH BAG SPACEBOY DESIGN,LUNCH BAG WOODLAND
"20728,22382",20727,0.012030643072939145,0.5703324808184144,10.04912819814651,LUNCH BAG CARS BLUE | LUNCH BAG SPACEBOY DESIGN,LUNCH BAG  BLACK SKULL.
"20728,22382",22383,0.01289382822615451,0.6112531969309463,10.8630769494842,LUNCH BAG CARS BLUE | LUNCH BAG SPACEBOY DESIGN,LUNCH BAG SUKI  DESIGN  | LUNCH BAG SUKI DESIGN
"20728,22382",22384,0.011976694000863186,0.5677749360613811,11.304270907447648,LUNCH BAG CARS BLUE | LUNCH BAG SPACEBOY DESIGN,LUNCH BAG PINK POLKADOT
"20728,22383",20725,0.014889943892965041,0.6106194690265486,8.780793233418235,LUNCH BAG CARS BLUE | LUNCH BAG SUKI  DESIGN  | LUNCH BAG SUKI DESIGN,LUNCH BAG RED SPOTTY | LUNCH BAG RED RETROSPOT
"20728,22383",20726,0.011437203280103583,0.4690265486725664,10.602287934383769,LUNCH BAG CARS BLUE | LUNCH BAG SUKI  DESIGN  | LUNCH BAG SUKI DESIGN,LUNCH BAG WOODLAND
"20728,22383",20727,0.013595166163141994,0.5575221238938053,9.823412631649786,LUNCH BAG CARS BLUE | LUNCH BAG SUKI  DESIGN  | LUNCH BAG SUKI DESIGN,LUNCH BAG  BLACK SKULL.
"20728,22383",22382,0.01289382822615451,0.5287610619469026,9.920156927376302,LUNCH BAG CARS BLUE | LUNCH BAG SUKI  DESIGN  | LUNCH BAG SUKI DESIGN,LUNCH BAG SPACEBOY DESIGN
"20728,22383",22384,0.012516184721622789,0.5132743362831859,10.219176259232151,LUNCH BAG CARS BLUE | LUNCH BAG SUKI  DESIGN  | LUNCH BAG SUKI DESIGN,LUNCH BAG PINK POLKADOT
20971,20972,0.01267803193785067,0.5142231947483589,17.81615165954314,PINK BLUE FELT CRAFT TRINKET BOX,PINK CREAM FELT CRAFT TRINKET BOX
20972,20971,0.01267803193785067,0.4392523364485981,17.816151659543138,PINK CREAM FELT CRAFT TRINKET BOX,PINK BLUE FELT CRAFT TRINKET BOX
21080,21094,0.012354337505394906,0.3128415300546448,17.842555695670452,SET/20 RED RETROSPOT PAPER NAPKINS,SET/6 RED SPOTTY PAPER PLATES
21086,21080,0.010358221838584376,0.6736842105263158,17.059303997699164,SET/6 RED SPOTTY PAPER CUPS,SET/20 RED RETROSPOT PAPER NAPKINS
21086,21094,0.012731981009926629,0.8280701754385965,47.22802699055331,SET/6 RED SPOTTY PAPER CUPS,SET/6 RED SPOTTY PAPER PLATES
21094,21080,0.012354337505394906,0.7046153846153846,17.84255569567045,SET/6 RED SPOTTY PAPER PLATES,SET/20 RED RETROSPOT PAPER NAPKINS
21094,21086,0.012731981009926629,0.7261538461538461,47.2280269905533,SET/6 RED SPOTTY PAPER PLATES,SET/6 RED SPOTTY PAPER CUPS
21136,84879,0.013757013379369874,0.7244318181818182,9.765867768595042,PAINTED METAL PEARS ASSORTED,ASSORTED COLOUR BIRD ORNAMENT
21166,21175,0.015753129046180404,0.4850498338870432,12.992606533136174,COOK WITH WINE METAL SIGN,GIN AND TONIC DIET METAL SIGN | GIN + TONIC DIET METAL SIGN
21166,21181,0.014296504100129477,0.44019933554817275,11.757254875678573,COOK WITH WINE METAL SIGN,PLEASE ONE PERSON METAL SIGN
21166,85152,0.014134656883901597,0.43521594684385384,13.67315727236894,COOK WITH WINE METAL SIGN,HAND OVER THE CHOCOLATE   SIGN
21175,21166,0.015753129046180404,0.42196531791907516,12.992606533136174,GIN AND TONIC DIET METAL SIGN | GIN + TONIC DIET METAL SIGN,COOK WITH WINE METAL SIGN
21175,21181,0.014026758739749677,0.37572254335260113,10.03514850660492,GIN AND TONIC DIET METAL SIGN | GIN + TONIC DIET METAL SIGN,PLEASE ONE PERSON METAL SIGN
21175,85152,0.014242555028053518,0.3815028901734104,11.98565690212599,GIN AND TONIC DIET METAL SIGN | GIN + TONIC DIET METAL SIGN,HAND OVER THE CHOCOLATE   SIGN
21181,21166,0.014296504100129477,0.3818443804034582,11.757254875678573,PLEASE ONE PERSON METAL SIGN,COOK WITH WINE METAL SIGN
21181,21175,0.014026758739749677,0.3746397694524496,10.035148506604921,PLEASE ONE PERSON METAL SIGN,GIN + TONIC DIET METAL SIGN | GIN AND TONIC DIET METAL SIGN
21181,85152,0.01267803193785067,0.33861671469740634,10.638304107849363,PLEASE ONE PERSON METAL SIGN,HAND OVER THE CHOCOLATE   SIGN
21212,21977,0.0180729391454467,0.32555879494655005,9.020265804378552,PACK OF 72 RETROSPOT CAKE CASES,PACK OF 60 PINK PAISLEY CAKE CASES
21212,84991,0.017803193785066895,0.3206997084548105,9.047929674152766,PACK OF 72 RETROSPOT CAKE CASES,60 TEATIME FAIRY CAKE CASES
21213,21212,0.013379369874838154,0.4969939879759519,8.952653606532794,PACK OF 72 SKULL CAKE CASES,PACK OF 72 RETROSPOT CAKE CASES
21213,21975,0.010196374622356496,0.3787575150300601,13.271548768614734,PACK OF 72 SKULL CAKE CASES,PACK OF 60 DINOSAUR CAKE CASES
21231,21232,0.013271471730686232,0.6456692913385826,20.563790350948395,SWEETHEART CERAMIC TRINKET BOX,STRAWBERRY CERAMIC TRINKET POT | STRAWBERRY CERAMIC TRINKET BOX
21232,21231,0.013271471730686232,0.422680412371134,20.563790350948402,STRAWBERRY CERAMIC TRINKET POT | STRAWBERRY CERAMIC TRINKET BOX,SWEETHEART CERAMIC TRINKET BOX
21485,22111,0.011922744928787225,0.4146341463414634,11.715942891136228,RETROSPOT HEART HOT WATER BOTTLE,SCOTTIE DOG HOT WATER BOTTLE
21668,21669,0.011383254208027622,0.6336336336336337,33.46163257274369,RED STRIPE CERAMIC DRAWER KNOB,BLUE STRIPE CERAMIC DRAWER KNOB
21669,21668,0.011383254208027622,0.6011396011396012,33.46163257274369,BLUE STRIPE CERAMIC DRAWER KNOB,RED STRIPE CERAMIC DRAWER KNOB
21733,85123A,0.024654725938713856,0.6730486008836525,6.307193562173601,RED HANGING HEART T-LIGHT HOLDER,CREAM HANGING HEART T-LIGHT HOLDER | WHITE HANGING HEART T-LIGHT HOLDER
21754,21755,0.01483599482088908,0.3979739507959479,13.291612886403046,HOME BUILDING BLOCK WORD,LOVE BUILDING BLOCK WORD
21754,85123A,0.011275356063875702,0.3024602026049204,2.834379330376544,HOME BUILDING BLOCK WORD,CREAM HANGING HEART T-LIGHT HOLDER | WHITE HANGING HEART T-LIGHT HOLDER
21755,21754,0.01483599482088908,0.4954954954954955,13.291612886403046,LOVE BUILDING BLOCK WORD,HOME BUILDING BLOCK WORD
21790,21791,0.013487268018990074,0.3462603878116344,13.233572264899907,VINTAGE SNAP CARDS,VINTAGE HEADS AND TAILS CARD GAME
21791,21790,0.013487268018990074,0.5154639175257731,13.233572264899903,VINTAGE HEADS AND TAILS CARD GAME,VINTAGE SNAP CARDS
21914,21915,0.0146741476046612,0.5261121856866537,17.383271789461343,BLUE HARMONICA IN BOX,RED  HARMONICA IN BOX
21915,21914,0.0146741476046612,0.48484848484848486,17.383271789461347,RED  HARMONICA IN BOX,BLUE HARMONICA IN BOX
21928,21929,0.015213638325420803,0.5202952029520295,16.02025229554621,JUMBO BAG SCANDINAVIAN PAISLEY | JUMBO BAG SCANDINAVIAN BLUE PAISLEY,JUMBO BAG PINK VINTAGE PAISLEY
21928,22386,0.012300388433318947,0.42066420664206644,8.95227524031842,JUMBO BAG SCANDINAVIAN PAISLEY | JUMBO BAG SCANDINAVIAN BLUE PAISLEY,JUMBO BAG PINK POLKADOT
21928,22411,0.012354337505394906,0.4225092250922509,9.913456957354384,JUMBO BAG SCANDINAVIAN PAISLEY | JUMBO BAG SCANDINAVIAN BLUE PAISLEY,JUMBO SHOPPER VINTAGE RED PAISLEY
21928,85099B,0.017263703064307294,0.5904059040590406,6.839852398523985,JUMBO BAG SCANDINAVIAN PAISLEY | JUMBO BAG SCANDINAVIAN BLUE PAISLEY,JUMBO BAG RED RETROSPOT
21928,85099F,0.010196374622356496,0.34870848708487084,9.883272961169979,JUMBO BAG SCANDINAVIAN PAISLEY | JUMBO BAG SCANDINAVIAN BLUE PAISLEY,JUMBO BAG STRAWBERRY
21929,21928,0.015213638325420803,0.4684385382059801,16.02025229554621,JUMBO BAG PINK VINTAGE PAISLEY,JUMBO BAG SCANDINAVIAN PAISLEY | JUMBO BAG SCANDINAVIAN BLUE PAISLEY
21929,21931,0.010520069054812257,0.3239202657807309,7.7573463133225165,JUMBO BAG PINK VINTAGE PAISLEY,JUMBO STORAGE BAG SUKI
21929,22386,0.013649115235217954,0.420265780730897,8.9437962246015,JUMBO BAG PINK VINTAGE PAISLEY,JUMBO BAG PINK POLKADOT
21929,22411,0.013757013379369874,0.42358803986710963,9.938769502502208,JUMBO BAG PINK VINTAGE PAISLEY,JUMBO SHOPPER VINTAGE RED PAISLEY
21929,85099B,0.017857142857142856,0.5498338870431894,6.369825581395348,JUMBO BAG PINK VINTAGE PAISLEY,JUMBO BAG RED RETROSPOT
21929,85099F,0.010843763487268019,0.3338870431893688,9.46319607424792,JUMBO BAG PINK VINTAGE PAISLEY,JUMBO BAG STRAWBERRY
21930,21931,0.010574018126888218,0.416135881104034,9.9657554162072,JUMBO STORAGE BAG SKULLS,JUMBO STORAGE BAG SUKI
21930,22386,0.01116745791972378,0.4394904458598726,9.35292181912583,JUMBO STORAGE BAG SKULLS,JUMBO BAG PINK POLKADOT
21930,85099B,0.013379369874838154,0.5265392781316348,6.099957537154989,JUMBO STORAGE BAG SKULLS,JUMBO BAG RED RETROSPOT
21931,20725,0.01283987915407855,0.30749354005167956,4.421800045304835,JUMBO STORAGE BAG SUKI,LUNCH BAG RED SPOTTY | LUNCH BAG RED RETROSPOT
21931,22383,0.014134656883901597,0.3385012919896641,6.015781350259265,JUMBO STORAGE BAG SUKI,LUNCH BAG SUKI  DESIGN  | LUNCH BAG SUKI DESIGN
21931,22386,0.015159689253344842,0.36304909560723514,7.726151591476132,JUMBO STORAGE BAG SUKI,JUMBO BAG PINK POLKADOT
21931,22411,0.013649115235217954,0.3268733850129199,7.6695253982271945,JUMBO STORAGE BAG SUKI,JUMBO SHOPPER VINTAGE RED PAISLEY
21931,85099B,0.023413897280966767,0.5607235142118863,6.4959819121447016,JUMBO STORAGE BAG SUKI,JUMBO BAG RED RETROSPOT
21931,85099C,0.013001726370306431,0.31136950904392763,8.892981848441051,JUMBO STORAGE BAG SUKI,JUMBO  BAG BAROQUE BLACK WHITE
"21931,22386",85099B,0.011868795856711264,0.7829181494661922,9.070106761565835,JUMBO STORAGE BAG SUKI | JUMBO BAG PINK POLKADOT,JUMBO BAG RED RETROSPOT
"21931,22411",85099B,0.010088476478204576,0.7391304347826086,8.562826086956521,JUMBO STORAGE BAG SUKI | JUMBO SHOPPER VINTAGE RED PAISLEY,JUMBO BAG RED RETROSPOT
"21931,85099B",22386,0.011868795856711264,0.5069124423963134,10.787748601903633,JUMBO STORAGE BAG SUKI | JUMBO BAG RED RETROSPOT,JUMBO BAG PINK POLKADOT
"21931,85099B",22411,0.010088476478204576,0.4308755760368664,10.109759085340956,JUMBO STORAGE BAG SUKI | JUMBO BAG RED RETROSPOT,JUMBO SHOPPER VINTAGE RED PAISLEY
21932,21933,0.010735865343116099,0.6238244514106583,40.859399404056404,SCANDINAVIAN PAISLEY PICNIC BAG,PINK VINTAGE PAISLEY PICNIC BAG
21933,21932,0.010735865343116099,0.7031802120141343,40.859399404056404,PINK VINTAGE PAISLEY PICNIC BAG,SCANDINAVIAN PAISLEY PICNIC BAG
21975,21212,0.014404402244281399,0.504725897920605,9.091933181590218,PACK OF 60 DINOSAUR CAKE CASES,PACK OF 72 RETROSPOT CAKE CASES
21975,21213,0.010196374622356496,0.3572778827977316,13.271548768614736,PACK OF 60 DINOSAUR CAKE CASES,PACK OF 72 SKULL CAKE CASES
21975,21977,0.010735865343116099,0.3761814744801512,10.422869672592052,PACK OF 60 DINOSAUR CAKE CASES,PACK OF 60 PINK PAISLEY CAKE CASES
21975,22417,0.010250323694432456,0.3591682419659735,16.35759836137908,PACK OF 60 DINOSAUR CAKE CASES,PACK OF 60 SPACEBOY CAKE CASES
21975,84991,0.012030643072939145,0.4215500945179584,11.893230672731928,PACK OF 60 DINOSAUR CAKE CASES,60 TEATIME FAIRY CAKE CASES
21975,84992,0.010466119982736296,0.3667296786389414,13.568266114274287,PACK OF 60 DINOSAUR CAKE CASES,72 SWEETHEART FAIRY CAKE CASES
21977,21212,0.0180729391454467,0.5007473841554559,9.020265804378553,PACK OF 60 PINK PAISLEY CAKE CASES,PACK OF 72 RETROSPOT CAKE CASES
21977,84991,0.015105740181268883,0.41853512705530643,11.808169124957624,PACK OF 60 PINK PAISLEY CAKE CASES,60 TEATIME FAIRY CAKE CASES
22086,22910,0.024331031506258094,0.4602040816326531,12.238655462184873,PAPER CHAIN KIT 50'S CHRISTMAS,PAPER CHAIN KIT VINTAGE CHRISTMAS
22111,21485,0.011922744928787225,0.33689024390243905,11.715942891136228,SCOTTIE DOG HOT WATER BOTTLE,RETROSPOT HEART HOT WATER BOTTLE
22111,22112,0.01294777729823047,0.36585365853658536,9.68780487804878,SCOTTIE DOG HOT WATER BOTTLE,CHOCOLATE HOT WATER BOTTLE
22112,22111,0.01294777729823047,0.34285714285714286,9.68780487804878,CHOCOLATE HOT WATER BOTTLE,SCOTTIE DOG HOT WATER BOTTLE
22112,22114,0.014026758739749677,0.37142857142857144,13.39455252918288,CHOCOLATE HOT WATER BOTTLE,HOT WATER BOTTLE TEA AND SYMPATHY
22112,22835,0.015537332757876565,0.4114285714285714,15.101465346534653,CHOCOLATE HOT WATER BOTTLE,HOT WATER BOTTLE I AM SO POORLY
22112,23355,0.013271471730686232,0.3514285714285714,9.059916550764951,CHOCOLATE HOT WATER BOTTLE,HOT WATER BOTTLE KEEP CALM
22114,22112,0.014026758739749677,0.5058365758754864,13.39455252918288,HOT WATER BOTTLE TEA AND SYMPATHY,CHOCOLATE HOT WATER BOTTLE
22114,22835,0.010088476478204576,0.3638132295719844,13.353746580883769,HOT WATER BOTTLE TEA AND SYMPATHY,HOT WATER BOTTLE I AM SO POORLY
22114,23355,0.012300388433318947,0.44357976653696496,11.435597430499557,HOT WATER BOTTLE TEA AND SYMPATHY,HOT WATER BOTTLE KEEP CALM
22138,22617,0.01677816141562365,0.36416861826697894,15.920352613671513,BAKING SET 9 PIECE RETROSPOT,BAKING SET SPACEBOY DESIGN
22141,22144,0.010681916271040138,0.5689655172413793,25.050700303055127,CHRISTMAS CRAFT TREE TOP ANGEL,CHRISTMAS CRAFT LITTLE FRIENDS
22142,22144,0.01095166163141994,0.632398753894081,27.843570789027755,CHRISTMAS CRAFT WHITE FAIRY,CHRISTMAS CRAFT LITTLE FRIENDS
22144,22141,0.010681916271040138,0.47030878859857483,25.050700303055123,CHRISTMAS CRAFT LITTLE FRIENDS,CHRISTMAS CRAFT TREE TOP ANGEL
22144,22142,0.01095166163141994,0.4821852731591449,27.843570789027755,CHRISTMAS CRAFT LITTLE FRIENDS,CHRISTMAS CRAFT WHITE FAIRY
22191,22193,0.01078981441519206,0.5115089514066496,22.79165846940783,IVORY DINER WALL CLOCK,RED DINER WALL CLOCK
22192,22193,0.010142425550280535,0.5562130177514792,24.78356850250341,BLUE DINER WALL CLOCK,RED DINER WALL CLOCK
22193,22191,0.01078981441519206,0.4807692307692308,22.79165846940783,RED DINER WALL CLOCK,IVORY DINER WALL CLOCK
22193,22192,0.010142425550280535,0.4519230769230769,24.783568502503414,RED DINER WALL CLOCK,BLUE DINER WALL CLOCK
22326,22328,0.014134656883901597,0.4403361344537815,17.821114821474442,ROUND SNACK BOXES SET OF4 WOODLAND,ROUND SNACK BOXES SET OF 4 FRUITS
22326,POST,0.01283987915407855,0.4,6.7464968152866245,ROUND SNACK BOXES SET OF4 WOODLAND,POSTAGE
22328,22326,0.014134656883901597,0.5720524017467249,17.82111482147444,ROUND SNACK BOXES SET OF 4 FRUITS,ROUND SNACK BOXES SET OF4 WOODLAND
22355,20719,0.01305567544238239,0.41367521367521365,14.440459059668099,CHARLOTTE BAG SUKI DESIGN,WOODLAND CHARLOTTE BAG
22355,20723,0.012624082865774709,0.4,15.069918699186992,CHARLOTTE BAG SUKI DESIGN,STRAWBERRY CHARLOTTE BAG
22355,20724,0.016076823478636166,0.5094017094017094,12.777090778714594,CHARLOTTE BAG SUKI DESIGN,RED RETROSPOT CHARLOTTE BAG
22355,20725,0.010304272766508416,0.3264957264957265,4.6950541398951025,CHARLOTTE BAG SUKI DESIGN,LUNCH BAG RED SPOTTY | LUNCH BAG RED RETROSPOT
22355,22356,0.012246439361242987,0.38803418803418804,14.769202688709877,CHARLOTTE BAG SUKI DESIGN,CHARLOTTE BAG PINK POLKADOT
22355,22383,0.01095166163141994,0.347008547008547,6.166970687776057,CHARLOTTE BAG SUKI DESIGN,LUNCH BAG SUKI  DESIGN  | LUNCH BAG SUKI DESIGN
22356,20719,0.010574018126888218,0.4024640657084189,14.049103431207634,CHARLOTTE BAG PINK POLKADOT,WOODLAND CHARLOTTE BAG
22356,20723,0.011275356063875702,0.42915811088295686,16.16844460025709,CHARLOTTE BAG PINK POLKADOT,STRAWBERRY CHARLOTTE BAG
22356,20724,0.017371601208459216,0.6611909650924025,16.584351460017285,CHARLOTTE BAG PINK POLKADOT,RED RETROSPOT CHARLOTTE BAG
22356,22355,0.012246439361242987,0.46611909650924027,14.769202688709877,CHARLOTTE BAG PINK POLKADOT,CHARLOTTE BAG SUKI DESIGN
22382,20725,0.025194216659473457,0.4726720647773279,6.797090296906556,LUNCH BAG SPACEBOY DESIGN,LUNCH BAG RED SPOTTY | LUNCH BAG RED RETROSPOT
22382,20726,0.02184937419076392,0.409919028340081,9.266169645502123,LUNCH BAG SPACEBOY DESIGN,LUNCH BAG WOODLAND
22382,20727,0.022550712127751404,0.4230769230769231,7.4545188651652525,LUNCH BAG SPACEBOY DESIGN,LUNCH BAG  BLACK SKULL.
22382,20728,0.021094087181700475,0.395748987854251,7.5937921727395405,LUNCH BAG SPACEBOY DESIGN,LUNCH BAG CARS BLUE
22382,22383,0.02411523521795425,0.4524291497975709,8.040485829959515,LUNCH BAG SPACEBOY DESIGN,LUNCH BAG SUKI  DESIGN  | LUNCH BAG SUKI DESIGN
22382,22384,0.01979930945187743,0.3714574898785425,7.395634836078049,LUNCH BAG SPACEBOY DESIGN,LUNCH BAG PINK POLKADOT
22382,22662,0.019205869659041863,0.3603238866396761,11.168835389219126,LUNCH BAG SPACEBOY DESIGN,LUNCH BAG DOLLY GIRL DESIGN
22382,23206,0.016724212343547692,0.31376518218623484,6.715879234415762,LUNCH BAG SPACEBOY DESIGN,LUNCH BAG APPLE DESIGN
22382,23209,0.01667026327147173,0.31275303643724695,5.762614595825855,LUNCH BAG SPACEBOY DESIGN,LUNCH BAG VINTAGE DOILEY  | LUNCH BAG DOILEY PATTERN  | LUNCH BAG VINTAGE DOILY
"22382,20725",20726,0.013918860595597755,0.5524625267665952,12.488348044080011,LUNCH BAG SPACEBOY DESIGN  | LUNCH BAG RED SPOTTY | LUNCH BAG RED RETROSPOT,LUNCH BAG WOODLAND
"22382,20725",20727,0.013864911523521796,0.550321199143469,9.69653398034538,LUNCH BAG SPACEBOY DESIGN  | LUNCH BAG RED SPOTTY | LUNCH BAG RED RETROSPOT,LUNCH BAG  BLACK SKULL.
"22382,20725",20728,0.01267803193785067,0.5032119914346895,9.655835893616361,LUNCH BAG SPACEBOY DESIGN  | LUNCH BAG RED SPOTTY | LUNCH BAG RED RETROSPOT,LUNCH BAG CARS BLUE
"22382,20725",22383,0.014620198532585239,0.5802997858672377,10.312978744808358,LUNCH BAG SPACEBOY DESIGN  | LUNCH BAG RED SPOTTY | LUNCH BAG RED RETROSPOT,LUNCH BAG SUKI  DESIGN  | LUNCH BAG SUKI DESIGN
"22382,20725",22384,0.013541217091066034,0.5374732334047109,10.700970842523867,LUNCH BAG SPACEBOY DESIGN  | LUNCH BAG RED SPOTTY | LUNCH BAG RED RETROSPOT,LUNCH BAG PINK POLKADOT
"22382,20725",22662,0.011545101424255503,0.4582441113490364,14.204034862818963,LUNCH BAG SPACEBOY DESIGN  | LUNCH BAG RED SPOTTY | LUNCH BAG RED RETROSPOT,LUNCH BAG DOLLY GIRL DESIGN
"22382,20725",23206,0.010574018126888218,0.4197002141327623,8.983329294647671,LUNCH BAG SPACEBOY DESIGN  | LUNCH BAG RED SPOTTY | LUNCH BAG RED RETROSPOT,LUNCH BAG APPLE DESIGN
"22382,20725",23209,0.010034527406128615,0.39828693790149894,7.3386149909962075,LUNCH BAG SPACEBOY DESIGN  | LUNCH BAG RED SPOTTY | LUNCH BAG RED RETROSPOT,LUNCH BAG VINTAGE DOILEY  | LUNCH BAG DOILEY PATTERN  | LUNCH BAG VINTAGE DOILY
"22382,20727",20725,0.013864911523521796,0.6148325358851675,8.841377723171036,LUNCH BAG SPACEBOY DESIGN  | LUNCH BAG  BLACK SKULL.,LUNCH BAG RED SPOTTY | LUNCH BAG RED RETROSPOT
"22382,20727",20726,0.011329305135951661,0.5023923444976076,11.356517680009334,LUNCH BAG SPACEBOY DESIGN  | LUNCH BAG  BLACK SKULL.,LUNCH BAG WOODLAND
"22382,20727",20728,0.012030643072939145,0.5334928229665071,10.236876776922543,LUNCH BAG SPACEBOY DESIGN  | LUNCH BAG  BLACK SKULL.,LUNCH BAG CARS BLUE
"22382,20727",22383,0.013595166163141994,0.6028708133971292,10.714106804534214,LUNCH BAG SPACEBOY DESIGN  | LUNCH BAG  BLACK SKULL.,LUNCH BAG SUKI  DESIGN  | LUNCH BAG SUKI DESIGN
"22382,20727",22384,0.012138541217091067,0.5382775119617225,10.716983847177753,LUNCH BAG SPACEBOY DESIGN  | LUNCH BAG  BLACK SKULL.,LUNCH BAG PINK POLKADOT
"22382,22383",20725,0.014620198532585239,0.6062639821029083,8.718160723242443,LUNCH BAG SPACEBOY DESIGN  | LUNCH BAG SUKI  DESIGN  | LUNCH BAG SUKI DESIGN,LUNCH BAG RED SPOTTY | LUNCH BAG RED RETROSPOT
"22382,22383",20726,0.011760897712559344,0.48769574944071586,11.024302941015987,LUNCH BAG SPACEBOY DESIGN  | LUNCH BAG SUKI  DESIGN  | LUNCH BAG SUKI DESIGN,LUNCH BAG WOODLAND
"22382,22383",20727,0.013595166163141994,0.5637583892617449,9.933294204710744,LUNCH BAG SPACEBOY DESIGN  | LUNCH BAG SUKI  DESIGN  | LUNCH BAG SUKI DESIGN,LUNCH BAG  BLACK SKULL.
"22382,22383",20728,0.01289382822615451,0.5346756152125279,10.259572674512855,LUNCH BAG SPACEBOY DESIGN  | LUNCH BAG SUKI  DESIGN  | LUNCH BAG SUKI DESIGN,LUNCH BAG CARS BLUE
"22382,22383",22384,0.010681916271040138,0.4429530201342282,8.819094716657416,LUNCH BAG SPACEBOY DESIGN  | LUNCH BAG SUKI  DESIGN  | LUNCH BAG SUKI DESIGN,LUNCH BAG PINK POLKADOT
"22382,22383",22662,0.01105955977557186,0.45861297539149887,14.215468414476293,LUNCH BAG SPACEBOY DESIGN  | LUNCH BAG SUKI  DESIGN  | LUNCH BAG SUKI DESIGN,LUNCH BAG DOLLY GIRL DESIGN
"22382,23209",20725,0.010034527406128615,0.6019417475728155,8.656006387129331,LUNCH BAG SPACEBOY DESIGN  | LUNCH BAG VINTAGE DOILEY  | LUNCH BAG DOILEY PATTERN  | LUNCH BAG VINTAGE DOILY,LUNCH BAG RED SPOTTY | LUNCH BAG RED RETROSPOT
22383,20725,0.027999568407423393,0.49760306807286675,7.155601605739844,LUNCH BAG SUKI  DESIGN  | LUNCH BAG SUKI DESIGN,LUNCH BAG RED SPOTTY | LUNCH BAG RED RETROSPOT
22383,20726,0.019529564091497625,0.34707574304889743,7.8456048453101985,LUNCH BAG SUKI  DESIGN  | LUNCH BAG SUKI DESIGN,LUNCH BAG WOODLAND
22383,20727,0.025086318515321535,0.4458293384467881,7.855411233317172,LUNCH BAG SUKI  DESIGN  | LUNCH BAG SUKI DESIGN,LUNCH BAG  BLACK SKULL.
22383,20728,0.02438498057833405,0.4333652924256951,8.315589089443773,LUNCH BAG SUKI  DESIGN  | LUNCH BAG SUKI DESIGN,LUNCH BAG CARS BLUE
22383,22382,0.02411523521795425,0.42857142857142855,8.040485829959513,LUNCH BAG SUKI  DESIGN  | LUNCH BAG SUKI DESIGN,LUNCH BAG SPACEBOY DESIGN
22383,22384,0.02157962883038412,0.3835091083413231,7.6355798412618325,LUNCH BAG SUKI  DESIGN  | LUNCH BAG SUKI DESIGN,LUNCH BAG PINK POLKADOT
22383,23206,0.019421665947345707,0.3451581975071908,7.387820264426431,LUNCH BAG SUKI  DESIGN  | LUNCH BAG SUKI DESIGN,LUNCH BAG APPLE DESIGN
22383,23209,0.017857142857142856,0.3173537871524449,5.847385485743259,LUNCH BAG SUKI  DESIGN  | LUNCH BAG SUKI DESIGN,LUNCH BAG VINTAGE DOILEY  | LUNCH BAG DOILEY PATTERN  | LUNCH BAG VINTAGE DOILY
"22383,20725",20726,0.013757013379369874,0.4913294797687861,11.106442971944169,LUNCH BAG SUKI  DESIGN  | LUNCH BAG SUKI DESIGN  | LUNCH BAG RED SPOTTY | LUNCH BAG RED RETROSPOT,LUNCH BAG WOODLAND
"22383,20725",20727,0.015105740181268883,0.5394990366088632,9.505849945420046,LUNCH BAG SUKI  DESIGN  | LUNCH BAG SUKI DESIGN  | LUNCH BAG RED SPOTTY | LUNCH BAG RED RETROSPOT,LUNCH BAG  BLACK SKULL.
"22383,20725",20728,0.014889943892965041,0.5317919075144508,10.204238921001926,LUNCH BAG SUKI  DESIGN  | LUNCH BAG SUKI DESIGN  | LUNCH BAG RED SPOTTY | LUNCH BAG RED RETROSPOT,LUNCH BAG CARS BLUE
"22383,20725",22382,0.014620198532585239,0.5221579961464354,9.79627592770276,LUNCH BAG SUKI  DESIGN  | LUNCH BAG SUKI DESIGN  | LUNCH BAG RED SPOTTY | LUNCH BAG RED RETROSPOT,LUNCH BAG SPACEBOY DESIGN
"22383,20725",22384,0.015105740181268883,0.5394990366088632,10.74130412737045,LUNCH BAG SUKI  DESIGN  | LUNCH BAG SUKI DESIGN  | LUNCH BAG RED SPOTTY | LUNCH BAG RED RETROSPOT,LUNCH BAG PINK POLKADOT
"22383,20725",22662,0.01095166163141994,0.3911368015414258,12.12393269794627,LUNCH BAG SUKI  DESIGN  | LUNCH BAG SUKI DESIGN  | LUNCH BAG RED SPOTTY | LUNCH BAG RED RETROSPOT,LUNCH BAG DOLLY GIRL DESIGN
"22383,20725",23206,0.011760897712559344,0.42003853564547206,8.990570781437032,LUNCH BAG SUKI  DESIGN  | LUNCH BAG SUKI DESIGN  | LUNCH BAG RED SPOTTY | LUNCH BAG RED RETROSPOT,LUNCH BAG APPLE DESIGN
"22383,20725",23209,0.011437203280103583,0.40847784200385356,7.526386957637604,LUNCH BAG SUKI  DESIGN  | LUNCH BAG SUKI DESIGN  | LUNCH BAG RED SPOTTY | LUNCH BAG RED RETROSPOT,LUNCH BAG VINTAGE DOILEY  | LUNCH BAG DOILEY PATTERN  | LUNCH BAG VINTAGE DOILY
"22383,20727",20725,0.015105740181268883,0.6021505376344086,8.65900881737114,LUNCH BAG SUKI  DESIGN  | LUNCH BAG SUKI DESIGN  | LUNCH BAG  BLACK SKULL.,LUNCH BAG RED SPOTTY | LUNCH BAG RED RETROSPOT
"22383,20727",20726,0.011275356063875702,0.44946236559139785,10.16004196170994,LUNCH BAG SUKI  DESIGN  | LUNCH BAG SUKI DESIGN  | LUNCH BAG  BLACK SKULL.,LUNCH BAG WOODLAND
"22383,20727",20728,0.013595166163141994,0.5419354838709678,10.398877980364658,LUNCH BAG SUKI  DESIGN  | LUNCH BAG SUKI DESIGN  | LUNCH BAG  BLACK SKULL.,LUNCH BAG CARS BLUE
"22383,20727",22382,0.013595166163141994,0.5419354838709678,10.167324017239128,LUNCH BAG SUKI  DESIGN  | LUNCH BAG SUKI DESIGN  | LUNCH BAG  BLACK SKULL.,LUNCH BAG SPACEBOY DESIGN
"22383,20727",22384,0.013109624514458351,0.5225806451612903,10.404462769827795,LUNCH BAG SUKI  DESIGN  | LUNCH BAG SUKI DESIGN  | LUNCH BAG  BLACK SKULL.,LUNCH BAG PINK POLKADOT
"22383,20727",23206,0.01089771255934398,0.4344086021505376,9.298149941642455,LUNCH BAG SUKI  DESIGN  | LUNCH BAG SUKI DESIGN  | LUNCH BAG  BLACK SKULL.,LUNCH BAG APPLE DESIGN
"22383,20727",23209,0.010034527406128615,0.4,7.370178926441353,LUNCH BAG SUKI  DESIGN  | LUNCH BAG SUKI DESIGN  | LUNCH BAG  BLACK SKULL.,LUNCH BAG VINTAGE DOILEY  | LUNCH BAG DOILEY PATTERN  | LUNCH BAG VINTAGE DOILY
22384,20725,0.028215364695727232,0.5617615467239527,8.078209488033504,LUNCH BAG PINK POLKADOT,LUNCH BAG RED SPOTTY | LUNCH BAG RED RETROSPOT
22384,20726,0.017155804920155372,0.34156820622986034,7.721107647166696,LUNCH BAG PINK POLKADOT,LUNCH BAG WOODLAND
22384,20727,0.025032369443245578,0.4983888292158969,8.781497469910517,LUNCH BAG PINK POLKADOT,LUNCH BAG  BLACK SKULL.
22384,20728,0.023036253776435044,0.45864661654135336,8.80069739566307,LUNCH BAG PINK POLKADOT,LUNCH BAG CARS BLUE
22384,22382,0.01979930945187743,0.3941997851772288,7.39563483607805,LUNCH BAG PINK POLKADOT,LUNCH BAG SPACEBOY DESIGN
22384,22383,0.02157962883038412,0.4296455424274973,7.635579841261831,LUNCH BAG PINK POLKADOT,LUNCH BAG SUKI  DESIGN  | LUNCH BAG SUKI DESIGN
22384,23206,0.015645230902028486,0.31149301825993553,6.667245480907812,LUNCH BAG PINK POLKADOT,LUNCH BAG APPLE DESIGN
22384,23209,0.016724212343547692,0.33297529538131043,6.135218762612297,LUNCH BAG PINK POLKADOT,LUNCH BAG VINTAGE DOILEY  | LUNCH BAG DOILEY PATTERN  | LUNCH BAG VINTAGE DOILY
"22384,20725",20726,0.01278593008200259,0.45315487571701724,10.243510702793452,LUNCH BAG PINK POLKADOT | LUNCH BAG RED SPOTTY | LUNCH BAG RED RETROSPOT,LUNCH BAG WOODLAND
"22384,20725",20727,0.01661631419939577,0.5889101338432122,10.37646220619561,LUNCH BAG PINK POLKADOT | LUNCH BAG RED SPOTTY | LUNCH BAG RED RETROSPOT,LUNCH BAG  BLACK SKULL.
"22384,20725",20728,0.015051791109192922,0.5334608030592735,10.236262365948956,LUNCH BAG PINK POLKADOT | LUNCH BAG RED SPOTTY | LUNCH BAG RED RETROSPOT,LUNCH BAG CARS BLUE
"22384,20725",22382,0.013541217091066034,0.47992351816443596,9.003909243619418,LUNCH BAG PINK POLKADOT | LUNCH BAG RED SPOTTY | LUNCH BAG RED RETROSPOT,LUNCH BAG SPACEBOY DESIGN
"22384,20725",22383,0.015105740181268883,0.5353728489483748,9.51454566453219,LUNCH BAG PINK POLKADOT | LUNCH BAG RED SPOTTY | LUNCH BAG RED RETROSPOT,LUNCH BAG SUKI  DESIGN  | LUNCH BAG SUKI DESIGN
"22384,20725",23206,0.010466119982736296,0.37093690248565964,7.939591714173426,LUNCH BAG PINK POLKADOT | LUNCH BAG RED SPOTTY | LUNCH BAG RED RETROSPOT,LUNCH BAG APPLE DESIGN
"22384,20725",23209,0.011545101424255503,0.4091778202676864,7.539284370260273,LUNCH BAG PINK POLKADOT | LUNCH BAG RED SPOTTY | LUNCH BAG RED RETROSPOT,LUNCH BAG VINTAGE DOILEY  | LUNCH BAG DOILEY PATTERN  | LUNCH BAG VINTAGE DOILY
"22384,20725",85099B,0.010088476478204576,0.3575525812619503,4.142246653919694,LUNCH BAG PINK POLKADOT | LUNCH BAG RED SPOTTY | LUNCH BAG RED RETROSPOT,JUMBO BAG RED RETROSPOT
"22384,20727",20725,0.01661631419939577,0.6637931034482759,9.545437521735643,LUNCH BAG PINK POLKADOT | LUNCH BAG  BLACK SKULL.,LUNCH BAG RED SPOTTY | LUNCH BAG RED RETROSPOT
"22384,20727",20726,0.010681916271040138,0.4267241379310345,9.646047098402018,LUNCH BAG PINK POLKADOT | LUNCH BAG  BLACK SKULL.,LUNCH BAG WOODLAND
"22384,20727",20728,0.014026758739749677,0.5603448275862069,10.752123938030984,LUNCH BAG PINK POLKADOT | LUNCH BAG  BLACK SKULL.,LUNCH BAG CARS BLUE
"22384,20727",22382,0.012138541217091067,0.4849137931034483,9.097532458467123,LUNCH BAG PINK POLKADOT | LUNCH BAG  BLACK SKULL.,LUNCH BAG SPACEBOY DESIGN
"22384,20727",22383,0.013109624514458351,0.5237068965517241,9.307220550798425,LUNCH BAG PINK POLKADOT | LUNCH BAG  BLACK SKULL.,LUNCH BAG SUKI  DESIGN  | LUNCH BAG SUKI DESIGN
"22384,20727,20725",20728,0.010412170910660337,0.6266233766233766,12.023903632599284,LUNCH BAG PINK POLKADOT | LUNCH BAG  BLACK SKULL. | LUNCH BAG RED SPOTTY | LUNCH BAG RED RETROSPOT,LUNCH BAG CARS BLUE
"22384,20728",20725,0.015051791109192922,0.6533957845433255,9.395922623968255,LUNCH BAG PINK POLKADOT | LUNCH BAG CARS BLUE,LUNCH BAG RED SPOTTY | LUNCH BAG RED RETROSPOT
"22384,20728",20726,0.010574018126888218,0.45901639344262296,10.376009596161536,LUNCH BAG PINK POLKADOT | LUNCH BAG CARS BLUE,LUNCH BAG WOODLAND
"22384,20728",20727,0.014026758739749677,0.6088992974238876,10.728666708221654,LUNCH BAG PINK POLKADOT | LUNCH BAG CARS BLUE,LUNCH BAG  BLACK SKULL.
"22384,20728",22382,0.011976694000863186,0.5199063231850117,9.754031990442689,LUNCH BAG PINK POLKADOT | LUNCH BAG CARS BLUE,LUNCH BAG SPACEBOY DESIGN
"22384,20728",22383,0.012516184721622789,0.5433255269320844,9.6558791631957,LUNCH BAG PINK POLKADOT | LUNCH BAG CARS BLUE,LUNCH BAG SUKI  DESIGN  | LUNCH BAG SUKI DESIGN
"22384,20728,20725",20727,0.010412170910660337,0.6917562724014337,12.188587704594083,LUNCH BAG PINK POLKADOT | LUNCH BAG CARS BLUE | LUNCH BAG RED SPOTTY | LUNCH BAG RED RETROSPOT,LUNCH BAG  BLACK SKULL.
"22384,20728,20727",20725,0.010412170910660337,0.7423076923076923,10.67448827355732,LUNCH BAG PINK POLKADOT | LUNCH BAG CARS BLUE | LUNCH BAG  BLACK SKULL.,LUNCH BAG RED SPOTTY | LUNCH BAG RED RETROSPOT
"22384,22382",20725,0.013541217091066034,0.6839237057220708,9.834918393533208,LUNCH BAG PINK POLKADOT | LUNCH BAG SPACEBOY DESIGN,LUNCH BAG RED SPOTTY | LUNCH BAG RED RETROSPOT
"22384,22382",20726,0.01078981441519206,0.5449591280653951,12.318734631488006,LUNCH BAG PINK POLKADOT | LUNCH BAG SPACEBOY DESIGN,LUNCH BAG WOODLAND
"22384,22382",20727,0.012138541217091067,0.6130790190735694,10.802312450140382,LUNCH BAG PINK POLKADOT | LUNCH BAG SPACEBOY DESIGN,LUNCH BAG  BLACK SKULL.
"22384,22382",20728,0.011976694000863186,0.6049046321525886,11.60715555029025,LUNCH BAG PINK POLKADOT | LUNCH BAG SPACEBOY DESIGN,LUNCH BAG CARS BLUE
"22384,22382",22383,0.010681916271040138,0.5395095367847411,9.588062103395936,LUNCH BAG PINK POLKADOT | LUNCH BAG SPACEBOY DESIGN,LUNCH BAG SUKI  DESIGN  | LUNCH BAG SUKI DESIGN
"22384,22383",20725,0.015105740181268883,0.7,10.066097750193949,LUNCH BAG PINK POLKADOT | LUNCH BAG SUKI  DESIGN  | LUNCH BAG SUKI DESIGN,LUNCH BAG RED SPOTTY | LUNCH BAG RED RETROSPOT
"22384,22383",20726,0.010574018126888218,0.49,11.07639024390244,LUNCH BAG PINK POLKADOT | LUNCH BAG SUKI  DESIGN  | LUNCH BAG SUKI DESIGN,LUNCH BAG WOODLAND
"22384,22383",20727,0.013109624514458351,0.6075,10.704011406844106,LUNCH BAG PINK POLKADOT | LUNCH BAG SUKI  DESIGN  | LUNCH BAG SUKI DESIGN,LUNCH BAG  BLACK SKULL.
"22384,22383",20728,0.012516184721622789,0.58,11.12927536231884,LUNCH BAG PINK POLKADOT | LUNCH BAG SUKI  DESIGN  | LUNCH BAG SUKI DESIGN,LUNCH BAG CARS BLUE
"22384,22383",22382,0.010681916271040138,0.495,9.286761133603239,LUNCH BAG PINK POLKADOT | LUNCH BAG SUKI  DESIGN  | LUNCH BAG SUKI DESIGN,LUNCH BAG SPACEBOY DESIGN
"22384,23209",20725,0.011545101424255503,0.6903225806451613,9.926935108486198,LUNCH BAG PINK POLKADOT | LUNCH BAG VINTAGE DOILEY  | LUNCH BAG DOILEY PATTERN  | LUNCH BAG VINTAGE DOILY,LUNCH BAG RED SPOTTY | LUNCH BAG RED RETROSPOT
"22384,85099B",20725,0.010088476478204576,0.6750902527075813,9.707892105653784,LUNCH BAG PINK POLKADOT | JUMBO BAG RED RETROSPOT,LUNCH BAG RED SPOTTY | LUNCH BAG RED RETROSPOT
22385,21931,0.010735865343116099,0.41631799163179917,9.970116657476781,JUMBO BAG SPACEBOY DESIGN,JUMBO STORAGE BAG SUKI
22385,22386,0.0110056107034959,0.42677824267782427,9.082389789065616,JUMBO BAG SPACEBOY DESIGN,JUMBO BAG PINK POLKADOT
22385,85099B,0.014404402244281399,0.5585774058577406,6.4711192468619245,JUMBO BAG SPACEBOY DESIGN,JUMBO BAG RED RETROSPOT
22386,21931,0.015159689253344842,0.32261768082663606,7.726151591476131,JUMBO BAG PINK POLKADOT,JUMBO STORAGE BAG SUKI
22386,23203,0.014296504100129477,0.30424799081515497,5.2217969979164005,JUMBO BAG PINK POLKADOT,JUMBO BAG VINTAGE DOILEY  | JUMBO BAG DOILEY PATTERNS | JUMBO BAG VINTAGE DOILY
22386,85099B,0.02945619335347432,0.6268656716417911,7.262238805970149,JUMBO BAG PINK POLKADOT,JUMBO BAG RED RETROSPOT
22386,85099F,0.015807078118256365,0.33639494833524686,9.534276395018557,JUMBO BAG PINK POLKADOT,JUMBO BAG STRAWBERRY
"22386,23203",85099B,0.010358221838584376,0.7245283018867924,8.39366037735849,JUMBO BAG PINK POLKADOT | JUMBO BAG VINTAGE DOILEY  | JUMBO BAG DOILEY PATTERNS | JUMBO BAG VINTAGE DOILY,JUMBO BAG RED RETROSPOT
"22386,85099B",21931,0.011868795856711264,0.40293040293040294,9.64950639369244,JUMBO BAG PINK POLKADOT | JUMBO BAG RED RETROSPOT,JUMBO STORAGE BAG SUKI
"22386,85099B",22411,0.010142425550280535,0.3443223443223443,8.07893541058098,JUMBO BAG PINK POLKADOT | JUMBO BAG RED RETROSPOT,JUMBO SHOPPER VINTAGE RED PAISLEY
"22386,85099B",23203,0.010358221838584376,0.3516483516483517,6.0353276353276355,JUMBO BAG PINK POLKADOT | JUMBO BAG RED RETROSPOT,JUMBO BAG VINTAGE DOILEY  | JUMBO BAG DOILEY PATTERNS | JUMBO BAG VINTAGE DOILY
"22386,85099B",85099F,0.012516184721622789,0.4249084249084249,12.042970281502392,JUMBO BAG PINK POLKADOT | JUMBO BAG RED RETROSPOT,JUMBO BAG STRAWBERRY
22411,21929,0.013757013379369874,0.3227848101265823,9.938769502502208,JUMBO SHOPPER VINTAGE RED PAISLEY,JUMBO BAG PINK VINTAGE PAISLEY
22411,21931,0.013649115235217954,0.320253164556962,7.669525398227193,JUMBO SHOPPER VINTAGE RED PAISLEY,JUMBO STORAGE BAG SUKI
22411,22386,0.013163573586534312,0.30886075949367087,6.572954119373919,JUMBO SHOPPER VINTAGE RED PAISLEY,JUMBO BAG PINK POLKADOT
22411,23203,0.013325420802762193,0.31265822784810127,5.366141584622597,JUMBO SHOPPER VINTAGE RED PAISLEY,JUMBO BAG VINTAGE DOILEY  | JUMBO BAG DOILEY PATTERNS | JUMBO BAG VINTAGE DOILY
22411,85099B,0.021363832542080276,0.5012658227848101,5.807164556962025,JUMBO SHOPPER VINTAGE RED PAISLEY,JUMBO BAG RED RETROSPOT
22411,85099C,0.01278593008200259,0.3,8.568258859784283,JUMBO SHOPPER VINTAGE RED PAISLEY,JUMBO  BAG BAROQUE BLACK WHITE
"22411,22386",85099B,0.010142425550280535,0.7704918032786885,8.926147540983605,JUMBO SHOPPER VINTAGE RED PAISLEY | JUMBO BAG PINK POLKADOT,JUMBO BAG RED RETROSPOT
"22411,85099B",21931,0.010088476478204576,0.4722222222222222,11.308929084122882,JUMBO SHOPPER VINTAGE RED PAISLEY | JUMBO BAG RED RETROSPOT,JUMBO STORAGE BAG SUKI
"22411,85099B",22386,0.010142425550280535,0.47474747474747475,10.103236730102402,JUMBO SHOPPER VINTAGE RED PAISLEY | JUMBO BAG RED RETROSPOT,JUMBO BAG PINK POLKADOT
22417,21212,0.011437203280103583,0.5208845208845209,9.383008240151096,PACK OF 60 SPACEBOY CAKE CASES,PACK OF 72 RETROSPOT CAKE CASES
22417,21975,0.010250323694432456,0.4668304668304668,16.35759836137908,PACK OF 60 SPACEBOY CAKE CASES,PACK OF 60 DINOSAUR CAKE CASES
22469,22470,0.021957272334915838,0.42351716961498437,9.800642017457367,HEART OF WICKER SMALL,HEART OF WICKER LARGE
22470,22469,0.021957272334915838,0.5081148564294632,9.800642017457367,HEART OF WICKER LARGE,HEART OF WICKER SMALL
22470,85123A,0.015699179974104447,0.36329588014981273,3.404475447147082,HEART OF WICKER LARGE,CREAM HANGING HEART T-LIGHT HOLDER | WHITE HANGING HEART T-LIGHT HOLDER
22551,22554,0.015753129046180404,0.5043177892918825,15.92510143494776,PLASTERS IN TIN SPACEBOY,PLASTERS IN TIN WOODLAND ANIMALS
22551,22555,0.010358221838584376,0.3316062176165803,13.689649999423013,PLASTERS IN TIN SPACEBOY,PLASTERS IN TIN STRONGMAN
22551,22556,0.013217522658610271,0.4231433506044905,15.05448204761005,PLASTERS IN TIN SPACEBOY,PLASTERS IN TIN CIRCUS PARADE
22554,22551,0.015753129046180404,0.49744463373083475,15.92510143494776,PLASTERS IN TIN WOODLAND ANIMALS,PLASTERS IN TIN SPACEBOY
22554,22555,0.010843763487268019,0.3424190800681431,14.136035786510245,PLASTERS IN TIN WOODLAND ANIMALS,PLASTERS IN TIN STRONGMAN
22554,22556,0.013810962451445835,0.43611584327086883,15.51601395560235,PLASTERS IN TIN WOODLAND ANIMALS,PLASTERS IN TIN CIRCUS PARADE
22554,22557,0.010466119982736296,0.33049403747870526,12.762578080636002,PLASTERS IN TIN WOODLAND ANIMALS,PLASTERS IN TIN VINTAGE PAISLEY
22555,22551,0.010358221838584376,0.42761692650334077,13.689649999423013,PLASTERS IN TIN STRONGMAN,PLASTERS IN TIN SPACEBOY
22555,22554,0.010843763487268019,0.44766146993318484,14.136035786510247,PLASTERS IN TIN STRONGMAN,PLASTERS IN TIN WOODLAND ANIMALS
22555,22556,0.011814846784635305,0.48775055679287305,17.353060116531083,PLASTERS IN TIN STRONGMAN,PLASTERS IN TIN CIRCUS PARADE
22556,22551,0.013217522658610271,0.47024952015355087,15.05448204761005,PLASTERS IN TIN CIRCUS PARADE,PLASTERS IN TIN SPACEBOY
22556,22554,0.013810962451445835,0.491362763915547,15.51601395560235,PLASTERS IN TIN CIRCUS PARADE,PLASTERS IN TIN WOODLAND ANIMALS
22556,22555,0.011814846784635305,0.42034548944337813,17.353060116531083,PLASTERS IN TIN CIRCUS PARADE,PLASTERS IN TIN STRONGMAN
22557,22554,0.010466119982736296,0.4041666666666667,12.762578080636002,PLASTERS IN TIN VINTAGE PAISLEY,PLASTERS IN TIN WOODLAND ANIMALS
22568,22570,0.01078981441519206,0.47961630695443647,27.438789708973566,FELTCRAFT CUSHION OWL,FELTCRAFT CUSHION RABBIT
22569,22570,0.010843763487268019,0.6836734693877551,39.11287477954145,FELTCRAFT CUSHION BUTTERFLY,FELTCRAFT CUSHION RABBIT
22570,22568,0.01078981441519206,0.6172839506172839,27.43878970897356,FELTCRAFT CUSHION RABBIT,FELTCRAFT CUSHION OWL
22570,22569,0.010843763487268019,0.6203703703703703,39.11287477954144,FELTCRAFT CUSHION RABBIT,FELTCRAFT CUSHION BUTTERFLY
22577,22578,0.017209753992231333,0.6889848812095032,29.4942811965343,WOODEN HEART CHRISTMAS SCANDINAVIAN,WOODEN STAR CHRISTMAS SCANDINAVIAN
22577,22579,0.01078981441519206,0.4319654427645788,29.010548721319683,WOODEN HEART CHRISTMAS SCANDINAVIAN,WOODEN TREE CHRISTMAS SCANDINAVIAN
22578,22577,0.017209753992231333,0.7367205542725174,29.494281196534303,WOODEN STAR CHRISTMAS SCANDINAVIAN,WOODEN HEART CHRISTMAS SCANDINAVIAN
22578,22579,0.012192490289167026,0.5219399538106235,35.053184724035205,WOODEN STAR CHRISTMAS SCANDINAVIAN,WOODEN TREE CHRISTMAS SCANDINAVIAN
22579,22577,0.01078981441519206,0.7246376811594203,29.010548721319683,WOODEN TREE CHRISTMAS SCANDINAVIAN,WOODEN HEART CHRISTMAS SCANDINAVIAN
22579,22578,0.012192490289167026,0.8188405797101449,35.05318472403521,WOODEN TREE CHRISTMAS SCANDINAVIAN,WOODEN STAR CHRISTMAS SCANDINAVIAN
22617,22138,0.01677816141562365,0.7334905660377359,15.920352613671515,BAKING SET SPACEBOY DESIGN,BAKING SET 9 PIECE RETROSPOT
22624,22625,0.014296504100129477,0.4274193548387097,17.645089446080895,IVORY KITCHEN SCALES,RED KITCHEN SCALES
22624,22627,0.010034527406128615,0.3,18.292105263157893,IVORY KITCHEN SCALES,MINT KITCHEN SCALES
22625,22624,0.014296504100129477,0.5902004454342984,17.645089446080895,RED KITCHEN SCALES,IVORY KITCHEN SCALES
22627,22624,0.010034527406128615,0.6118421052631579,18.292105263157893,MINT KITCHEN SCALES,IVORY KITCHEN SCALES
22629,22630,0.022874406560207165,0.6022727272727273,18.12293388429752,SPACEBOY LUNCH BOX,DOLLY GIRL LUNCH BOX
22630,22629,0.022874406560207165,0.6883116883116883,18.12293388429752,DOLLY GIRL LUNCH BOX,SPACEBOY LUNCH BOX
22632,22865,0.010142425550280535,0.5236768802228412,16.970060580088433,HAND WARMER RED POLKA DOT | HAND WARMER RED RETROSPOT,HAND WARMER OWL DESIGN
22633,22865,0.011275356063875702,0.47392290249433106,15.357753357753356,HAND WARMER UNION JACK,HAND WARMER OWL DESIGN
22633,22866,0.010250323694432456,0.4308390022675737,16.955481414080143,HAND WARMER UNION JACK,HAND WARMER SCOTTY DOG DESIGN
22661,20724,0.010196374622356496,0.5510204081632653,13.820993620722984,CHARLOTTE BAG DOLLY GIRL DESIGN,RED RETROSPOT CHARLOTTE BAG
22662,20725,0.01667026327147173,0.5167224080267558,7.430540384161324,LUNCH BAG DOLLY GIRL DESIGN,LUNCH BAG RED SPOTTY | LUNCH BAG RED RETROSPOT
22662,20726,0.013649115235217954,0.4230769230769231,9.56360225140713,LUNCH BAG DOLLY GIRL DESIGN,LUNCH BAG WOODLAND
22662,20727,0.014242555028053518,0.4414715719063545,7.778628381042003,LUNCH BAG DOLLY GIRL DESIGN,LUNCH BAG  BLACK SKULL.
22662,20728,0.013217522658610271,0.4096989966555184,7.861470602491396,LUNCH BAG DOLLY GIRL DESIGN,LUNCH BAG CARS BLUE
22662,22382,0.019205869659041863,0.5953177257525084,11.168835389219126,LUNCH BAG DOLLY GIRL DESIGN,LUNCH BAG SPACEBOY DESIGN
22662,22383,0.016184721622788088,0.5016722408026756,8.915624789567012,LUNCH BAG DOLLY GIRL DESIGN,LUNCH BAG SUKI  DESIGN  | LUNCH BAG SUKI DESIGN
22662,22384,0.01267803193785067,0.39297658862876256,7.824075238262882,LUNCH BAG DOLLY GIRL DESIGN,LUNCH BAG PINK POLKADOT
22662,23206,0.0110056107034959,0.3411371237458194,7.301752570153012,LUNCH BAG DOLLY GIRL DESIGN,LUNCH BAG APPLE DESIGN
22662,23209,0.010843763487268019,0.33612040133779264,6.193168746717022,LUNCH BAG DOLLY GIRL DESIGN,LUNCH BAG VINTAGE DOILEY  | LUNCH BAG DOILEY PATTERN  | LUNCH BAG VINTAGE DOILY
"22662,20725",22382,0.011545101424255503,0.6925566343042071,12.99314754399067,LUNCH BAG DOLLY GIRL DESIGN | LUNCH BAG RED SPOTTY | LUNCH BAG RED RETROSPOT,LUNCH BAG SPACEBOY DESIGN
"22662,20725",22383,0.01095166163141994,0.656957928802589,11.67533285549836,LUNCH BAG DOLLY GIRL DESIGN | LUNCH BAG RED SPOTTY | LUNCH BAG RED RETROSPOT,LUNCH BAG SUKI  DESIGN  | LUNCH BAG SUKI DESIGN
"22662,20726",22382,0.010088476478204576,0.7391304347826086,13.866924837176553,LUNCH BAG DOLLY GIRL DESIGN | LUNCH BAG WOODLAND,LUNCH BAG SPACEBOY DESIGN
"22662,22382",20725,0.011545101424255503,0.601123595505618,8.644241246153713,LUNCH BAG DOLLY GIRL DESIGN | LUNCH BAG SPACEBOY DESIGN,LUNCH BAG RED SPOTTY | LUNCH BAG RED RETROSPOT
"22662,22382",20726,0.010088476478204576,0.5252808988764045,11.87391066045492,LUNCH BAG DOLLY GIRL DESIGN | LUNCH BAG SPACEBOY DESIGN,LUNCH BAG WOODLAND
"22662,22382",22383,0.01105955977557186,0.5758426966292135,10.233768192444009,LUNCH BAG DOLLY GIRL DESIGN | LUNCH BAG SPACEBOY DESIGN,LUNCH BAG SUKI  DESIGN  | LUNCH BAG SUKI DESIGN
"22662,22383",20725,0.01095166163141994,0.6766666666666666,9.730561158520818,LUNCH BAG DOLLY GIRL DESIGN | LUNCH BAG SUKI  DESIGN  | LUNCH BAG SUKI DESIGN,LUNCH BAG RED SPOTTY | LUNCH BAG RED RETROSPOT
"22662,22383",22382,0.01105955977557186,0.6833333333333333,12.820107962213225,LUNCH BAG DOLLY GIRL DESIGN | LUNCH BAG SUKI  DESIGN  | LUNCH BAG SUKI DESIGN,LUNCH BAG SPACEBOY DESIGN
22666,22720,0.014296504100129477,0.32004830917874394,5.176627800119719,RECIPE BOX PANTRY YELLOW DESIGN,SET OF 3 CAKE TINS PANTRY DESIGN
22667,22666,0.011113508847647821,0.4671201814058957,10.457173529637299,RECIPE BOX RETROSPOT,RECIPE BOX PANTRY YELLOW DESIGN
22697,22423,0.02017695295640915,0.5412445730824892,5.887622891230646,GREEN REGENCY TEACUP AND SAUCER,REGENCY CAKESTAND 3 TIER
22697,22698,0.024816573154941735,0.6657018813314037,22.19325552582536,GREEN REGENCY TEACUP AND SAUCER,PINK REGENCY TEACUP AND SAUCER
22697,22699,0.029186447993094517,0.7829232995658466,18.534184266606044,GREEN REGENCY TEACUP AND SAUCER,ROSES REGENCY TEACUP AND SAUCER
"22697,22423",22698,0.014620198532585239,0.7245989304812834,24.156772977340054,GREEN REGENCY TEACUP AND SAUCER | REGENCY CAKESTAND 3 TIER,PINK REGENCY TEACUP AND SAUCER
"22697,22423",22699,0.01683211048769961,0.8342245989304813,19.748642612739975,GREEN REGENCY TEACUP AND SAUCER | REGENCY CAKESTAND 3 TIER,ROSES REGENCY TEACUP AND SAUCER
"22697,22699",22423,0.01683211048769961,0.5767097966728281,6.273411262398792,GREEN REGENCY TEACUP AND SAUCER | ROSES REGENCY TEACUP AND SAUCER,REGENCY CAKESTAND 3 TIER
"22697,22699",22698,0.021040138109624514,0.7208872458410351,24.033032354153647,GREEN REGENCY TEACUP AND SAUCER | ROSES REGENCY TEACUP AND SAUCER,PINK REGENCY TEACUP AND SAUCER
"22697,22699,22423",22698,0.01289382822615451,0.7660256410256411,25.53786201807785,GREEN REGENCY TEACUP AND SAUCER | ROSES REGENCY TEACUP AND SAUCER  | REGENCY CAKESTAND 3 TIER,PINK REGENCY TEACUP AND SAUCER
22698,22423,0.01667026327147173,0.5557553956834532,6.045470665720945,PINK REGENCY TEACUP AND SAUCER,REGENCY CAKESTAND 3 TIER
22698,22697,0.024816573154941735,0.8273381294964028,22.19325552582536,PINK REGENCY TEACUP AND SAUCER,GREEN REGENCY TEACUP AND SAUCER
22698,22699,0.02352179542511869,0.7841726618705036,18.563760485864183,PINK REGENCY TEACUP AND SAUCER,ROSES REGENCY TEACUP AND SAUCER
"22698,22423",22697,0.014620198532585239,0.8770226537216829,23.526037495492204,PINK REGENCY TEACUP AND SAUCER | REGENCY CAKESTAND 3 TIER,GREEN REGENCY TEACUP AND SAUCER
"22698,22423",22699,0.014296504100129477,0.8576051779935275,20.302132285169893,PINK REGENCY TEACUP AND SAUCER | REGENCY CAKESTAND 3 TIER,ROSES REGENCY TEACUP AND SAUCER
"22698,22697",22423,0.014620198532585239,0.5891304347826087,6.408522147377017,PINK REGENCY TEACUP AND SAUCER | GREEN REGENCY TEACUP AND SAUCER,REGENCY CAKESTAND 3 TIER
"22698,22697",22699,0.021040138109624514,0.8478260869565217,20.07063135099117,PINK REGENCY TEACUP AND SAUCER | GREEN REGENCY TEACUP AND SAUCER,ROSES REGENCY TEACUP AND SAUCER
"22698,22697,22423",22699,0.01289382822615451,0.8819188191881919,20.877710386299267,PINK REGENCY TEACUP AND SAUCER | GREEN REGENCY TEACUP AND SAUCER | REGENCY CAKESTAND 3 TIER,ROSES REGENCY TEACUP AND SAUCER
"22698,22697,22699",22423,0.01289382822615451,0.6128205128205129,6.666221259179006,PINK REGENCY TEACUP AND SAUCER | GREEN REGENCY TEACUP AND SAUCER | ROSES REGENCY TEACUP AND SAUCER,REGENCY CAKESTAND 3 TIER
"22698,22699",22423,0.014296504100129477,0.6077981651376146,6.6115884911917995,PINK REGENCY TEACUP AND SAUCER | ROSES REGENCY TEACUP AND SAUCER,REGENCY CAKESTAND 3 TIER
"22698,22699",22697,0.021040138109624514,0.8944954128440367,23.994742362484896,PINK REGENCY TEACUP AND SAUCER | ROSES REGENCY TEACUP AND SAUCER,GREEN REGENCY TEACUP AND SAUCER
"22698,22699,22423",22697,0.01289382822615451,0.9018867924528302,24.193015318242637,PINK REGENCY TEACUP AND SAUCER | ROSES REGENCY TEACUP AND SAUCER  | REGENCY CAKESTAND 3 TIER,GREEN REGENCY TEACUP AND SAUCER
22699,22423,0.022658610271903322,0.5363984674329502,5.834907272498336,ROSES REGENCY TEACUP AND SAUCER,REGENCY CAKESTAND 3 TIER
22699,22697,0.029186447993094517,0.6909323116219668,18.534184266606044,ROSES REGENCY TEACUP AND SAUCER,GREEN REGENCY TEACUP AND SAUCER
22699,22698,0.02352179542511869,0.5568326947637292,18.563760485864183,ROSES REGENCY TEACUP AND SAUCER,PINK REGENCY TEACUP AND SAUCER
"22699,22423",22697,0.01683211048769961,0.7428571428571429,19.927062228654126,ROSES REGENCY TEACUP AND SAUCER  | REGENCY CAKESTAND 3 TIER,GREEN REGENCY TEACUP AND SAUCER
"22699,22423",22698,0.014296504100129477,0.6309523809523809,21.034772182254198,ROSES REGENCY TEACUP AND SAUCER  | REGENCY CAKESTAND 3 TIER,PINK REGENCY TEACUP AND SAUCER
22722,22720,0.016076823478636166,0.4563552833078101,7.381327688825103,SET OF 6 SPICE TINS PANTRY DESIGN,SET OF 3 CAKE TINS PANTRY DESIGN
22725,22726,0.011329305135951661,0.6521739130434783,15.32154075053728,ALARM CLOCK BAKELIKE CHOCOLATE,ALARM CLOCK BAKELIKE GREEN
22725,22727,0.012192490289167026,0.7018633540372671,14.834366169252888,ALARM CLOCK BAKELIKE CHOCOLATE,ALARM CLOCK BAKELIKE RED
22726,22727,0.028593008200258955,0.6717363751584284,14.197611687499009,ALARM CLOCK BAKELIKE GREEN,ALARM CLOCK BAKELIKE RED
22726,22728,0.01850453172205438,0.4347275031685678,13.145365413919368,ALARM CLOCK BAKELIKE GREEN,ALARM CLOCK BAKELIKE PINK
22726,22730,0.01483599482088908,0.3485424588086185,13.804664565120838,ALARM CLOCK BAKELIKE GREEN,ALARM CLOCK BAKELIKE IVORY
"22726,22727",22728,0.014404402244281399,0.5037735849056604,15.233192772938533,ALARM CLOCK BAKELIKE GREEN | ALARM CLOCK BAKELIKE RED,ALARM CLOCK BAKELIKE PINK
"22726,22727",22730,0.011599050496331463,0.4056603773584906,16.0669246895662,ALARM CLOCK BAKELIKE GREEN | ALARM CLOCK BAKELIKE RED,ALARM CLOCK BAKELIKE IVORY
22727,22726,0.028593008200258955,0.6043329532497149,14.197611687499007,ALARM CLOCK BAKELIKE RED,ALARM CLOCK BAKELIKE GREEN
22727,22728,0.021363832542080276,0.45153933865450396,13.653724602446795,ALARM CLOCK BAKELIKE RED,ALARM CLOCK BAKELIKE PINK
22727,22730,0.016940008631851532,0.3580387685290764,14.180783362083249,ALARM CLOCK BAKELIKE RED,ALARM CLOCK BAKELIKE IVORY
22728,22726,0.01850453172205438,0.5595432300163132,13.14536541391937,ALARM CLOCK BAKELIKE PINK,ALARM CLOCK BAKELIKE GREEN
22728,22727,0.021363832542080276,0.6460032626427407,13.653724602446799,ALARM CLOCK BAKELIKE PINK,ALARM CLOCK BAKELIKE RED
22728,22730,0.012624082865774709,0.3817292006525285,15.119086460032625,ALARM CLOCK BAKELIKE PINK,ALARM CLOCK BAKELIKE IVORY
"22728,22726",22727,0.014404402244281399,0.7784256559766763,16.45256323738161,ALARM CLOCK BAKELIKE PINK | ALARM CLOCK BAKELIKE GREEN,ALARM CLOCK BAKELIKE RED
"22728,22727",22726,0.014404402244281399,0.6742424242424242,15.839996927449398,ALARM CLOCK BAKELIKE PINK | ALARM CLOCK BAKELIKE RED,ALARM CLOCK BAKELIKE GREEN
22729,22726,0.011868795856711264,0.6128133704735376,14.39684237654942,ALARM CLOCK BAKELIKE ORANGE,ALARM CLOCK BAKELIKE GREEN
22729,22727,0.013271471730686232,0.6852367688022284,14.482951820431136,ALARM CLOCK BAKELIKE ORANGE,ALARM CLOCK BAKELIKE RED
22730,22726,0.01483599482088908,0.5876068376068376,13.80466456512084,ALARM CLOCK BAKELIKE IVORY,ALARM CLOCK BAKELIKE GREEN
22730,22727,0.016940008631851532,0.6709401709401709,14.180783362083249,ALARM CLOCK BAKELIKE IVORY,ALARM CLOCK BAKELIKE RED
22730,22728,0.012624082865774709,0.5,15.119086460032626,ALARM CLOCK BAKELIKE IVORY,ALARM CLOCK BAKELIKE PINK
"22730,22726",22727,0.011599050496331463,0.7818181818181819,16.52426661138178,ALARM CLOCK BAKELIKE IVORY | ALARM CLOCK BAKELIKE GREEN,ALARM CLOCK BAKELIKE RED
"22730,22727",22726,0.011599050496331463,0.6847133757961783,16.08599129753861,ALARM CLOCK BAKELIKE IVORY | ALARM CLOCK BAKELIKE RED,ALARM CLOCK BAKELIKE GREEN
22745,22746,0.01105955977557186,0.6487341772151899,47.718002812939524,POPPY'S PLAYHOUSE BEDROOM,POPPY'S PLAYHOUSE LIVINGROOM
22745,22748,0.013703064307293915,0.8037974683544303,43.06124240872173,POPPY'S PLAYHOUSE BEDROOM,POPPY'S PLAYHOUSE KITCHEN
"22745,22748",22746,0.010034527406128615,0.7322834645669292,53.86351706036746,POPPY'S PLAYHOUSE BEDROOM  | POPPY'S PLAYHOUSE KITCHEN,POPPY'S PLAYHOUSE LIVINGROOM
22746,22745,0.01105955977557186,0.8134920634920635,47.71800281293952,POPPY'S PLAYHOUSE LIVINGROOM,POPPY'S PLAYHOUSE BEDROOM
22746,22748,0.011599050496331463,0.8531746031746031,45.70648683365446,POPPY'S PLAYHOUSE LIVINGROOM,POPPY'S PLAYHOUSE KITCHEN
"22746,22745",22748,0.010034527406128615,0.9073170731707317,48.607021006626255,POPPY'S PLAYHOUSE LIVINGROOM  | POPPY'S PLAYHOUSE BEDROOM,POPPY'S PLAYHOUSE KITCHEN
"22746,22748",22745,0.010034527406128615,0.8651162790697674,50.74618781277597,POPPY'S PLAYHOUSE LIVINGROOM  | POPPY'S PLAYHOUSE KITCHEN,POPPY'S PLAYHOUSE BEDROOM
22748,22745,0.013703064307293915,0.7341040462427746,43.06124240872174,POPPY'S PLAYHOUSE KITCHEN,POPPY'S PLAYHOUSE BEDROOM
22748,22746,0.011599050496331463,0.6213872832369942,45.706486833654466,POPPY'S PLAYHOUSE KITCHEN,POPPY'S PLAYHOUSE LIVINGROOM
22749,22750,0.01283987915407855,0.5935162094763092,29.10427634617161,FELTCRAFT PRINCESS CHARLOTTE DOLL,FELTCRAFT PRINCESS LOLA DOLL
22750,22749,0.01283987915407855,0.6296296296296297,29.10427634617161,FELTCRAFT PRINCESS LOLA DOLL,FELTCRAFT PRINCESS CHARLOTTE DOLL
22804,21733,0.010735865343116099,0.48655256723716384,13.282383484989792,CANDLEHOLDER PINK HANGING HEART | PINK HANGING HEART T-LIGHT HOLDER,RED HANGING HEART T-LIGHT HOLDER
22804,85123A,0.01629261976694001,0.7383863080684596,6.9194785674201045,CANDLEHOLDER PINK HANGING HEART | PINK HANGING HEART T-LIGHT HOLDER,CREAM HANGING HEART T-LIGHT HOLDER | WHITE HANGING HEART T-LIGHT HOLDER
22835,22112,0.015537332757876565,0.5702970297029702,15.101465346534653,HOT WATER BOTTLE I AM SO POORLY,CHOCOLATE HOT WATER BOTTLE
22835,22114,0.010088476478204576,0.3702970297029703,13.353746580883769,HOT WATER BOTTLE I AM SO POORLY,HOT WATER BOTTLE TEA AND SYMPATHY
22835,23355,0.010088476478204576,0.3702970297029703,9.546350128754183,HOT WATER BOTTLE I AM SO POORLY,HOT WATER BOTTLE KEEP CALM
22865,22632,0.010142425550280535,0.32867132867132864,16.970060580088433,HAND WARMER OWL DESIGN,HAND WARMER RED POLKA DOT | HAND WARMER RED RETROSPOT
22865,22633,0.011275356063875702,0.36538461538461536,15.357753357753356,HAND WARMER OWL DESIGN,HAND WARMER UNION JACK
22865,22866,0.015159689253344842,0.49125874125874125,19.333273944738913,HAND WARMER OWL DESIGN,HAND WARMER SCOTTY DOG DESIGN
22865,22867,0.014404402244281399,0.46678321678321677,18.25378419049305,HAND WARMER OWL DESIGN,HAND WARMER BIRD DESIGN
22865,23439,0.01095166163141994,0.3548951048951049,17.731362976645997,HAND WARMER OWL DESIGN,HAND WARMER RED LOVE HEART
22866,22633,0.010250323694432456,0.4033970276008493,16.95548141408014,HAND WARMER SCOTTY DOG DESIGN,HAND WARMER UNION JACK
22866,22865,0.015159689253344842,0.5966029723991507,19.333273944738913,HAND WARMER SCOTTY DOG DESIGN,HAND WARMER OWL DESIGN
22866,22867,0.01294777729823047,0.5095541401273885,19.926361901690452,HAND WARMER SCOTTY DOG DESIGN,HAND WARMER BIRD DESIGN
22867,22865,0.014404402244281399,0.5632911392405063,18.25378419049305,HAND WARMER BIRD DESIGN,HAND WARMER OWL DESIGN
22867,22866,0.01294777729823047,0.5063291139240507,19.926361901690452,HAND WARMER BIRD DESIGN,HAND WARMER SCOTTY DOG DESIGN
22909,22952,0.010088476478204576,0.3824130879345603,15.178605991338351,SET OF 20 VINTAGE CHRISTMAS NAPKINS,72 CAKE CASES VINTAGE CHRISTMAS | 60 CAKE CASES VINTAGE CHRISTMAS
22910,22086,0.024331031506258094,0.6470588235294118,12.238655462184875,PAPER CHAIN KIT VINTAGE CHRISTMAS,PAPER CHAIN KIT 50'S CHRISTMAS
22951,21212,0.010196374622356496,0.5338983050847458,9.617433414043584,60 CAKE CASES DOLLY GIRL DESIGN,PACK OF 72 RETROSPOT CAKE CASES
22952,22909,0.010088476478204576,0.4004282655246253,15.178605991338351,72 CAKE CASES VINTAGE CHRISTMAS | 60 CAKE CASES VINTAGE CHRISTMAS,SET OF 20 VINTAGE CHRISTMAS NAPKINS
22960,22961,0.01661631419939577,0.3503981797497156,7.482696612719733,JAM MAKING SET WITH JARS,JAM MAKING SET PRINTED
22961,22960,0.01661631419939577,0.3548387096774194,7.482696612719733,JAM MAKING SET PRINTED,JAM MAKING SET WITH JARS
23170,22699,0.010250323694432456,0.5792682926829268,13.71304862473912,REGENCY TEA PLATE ROSES,ROSES REGENCY TEACUP AND SAUCER
23170,23171,0.012354337505394906,0.698170731707317,47.93071364046973,REGENCY TEA PLATE ROSES,REGENCY TEA PLATE GREEN
23170,23172,0.010627967198964177,0.600609756097561,49.700457317073166,REGENCY TEA PLATE ROSES,REGENCY TEA PLATE PINK
23171,23170,0.012354337505394906,0.8481481481481481,47.93071364046973,REGENCY TEA PLATE GREEN,REGENCY TEA PLATE ROSES
23171,23172,0.01089771255934398,0.7481481481481481,61.90925925925926,REGENCY TEA PLATE GREEN,REGENCY TEA PLATE PINK
23172,23170,0.010627967198964177,0.8794642857142857,49.700457317073166,REGENCY TEA PLATE PINK,REGENCY TEA PLATE ROSES
23172,23171,0.01089771255934398,0.9017857142857143,61.90925925925926,REGENCY TEA PLATE PINK,REGENCY TEA PLATE GREEN
23173,22423,0.010466119982736296,0.5480225988700564,5.96135381024376,REGENCY TEAPOT ROSES,REGENCY CAKESTAND 3 TIER
23173,22699,0.010250323694432456,0.536723163841808,12.705875561905176,REGENCY TEAPOT ROSES,ROSES REGENCY TEACUP AND SAUCER
23173,23174,0.010574018126888218,0.5536723163841808,38.29429125558648,REGENCY TEAPOT ROSES,REGENCY SUGAR BOWL GREEN
23173,23175,0.010358221838584376,0.5423728813559322,36.96111665004985,REGENCY TEAPOT ROSES,REGENCY MILK JUG PINK
23174,23173,0.010574018126888218,0.7313432835820896,38.29429125558647,REGENCY SUGAR BOWL GREEN,REGENCY TEAPOT ROSES
23174,23175,0.011113508847647821,0.7686567164179104,52.38169446883231,REGENCY SUGAR BOWL GREEN,REGENCY MILK JUG PINK
23175,23173,0.010358221838584376,0.7058823529411765,36.96111665004985,REGENCY MILK JUG PINK,REGENCY TEAPOT ROSES
23175,23174,0.011113508847647821,0.7573529411764706,52.38169446883231,REGENCY MILK JUG PINK,REGENCY SUGAR BOWL GREEN
23199,22386,0.012030643072939145,0.31058495821727017,6.609647285321837,JUMBO BAG APPLES,JUMBO BAG PINK POLKADOT
23199,23200,0.01683211048769961,0.43454038997214484,17.137533337284417,JUMBO BAG APPLES,JUMBO BAG PEARS
23199,23201,0.014943892965041,0.38579387186629527,9.509408522491555,JUMBO BAG APPLES,JUMBO BAG ALPHABET
23199,23202,0.015321536469572723,0.3955431754874652,9.497135104709397,JUMBO BAG APPLES,JUMBO BAG VINTAGE LEAF
23199,23203,0.017371601208459216,0.44846796657381616,7.697039100381718,JUMBO BAG APPLES,JUMBO BAG VINTAGE DOILEY  | JUMBO BAG DOILEY PATTERNS | JUMBO BAG VINTAGE DOILY
23199,23206,0.015968925334484248,0.41225626740947074,8.823997889956063,JUMBO BAG APPLES,LUNCH BAG APPLE DESIGN
23199,85099B,0.018936124298662062,0.48885793871866295,5.66341922005571,JUMBO BAG APPLES,JUMBO BAG RED RETROSPOT
"23199,23202",23203,0.010088476478204576,0.6584507042253521,11.300965049556599,JUMBO BAG APPLES | JUMBO BAG VINTAGE LEAF,JUMBO BAG VINTAGE DOILEY  | JUMBO BAG DOILEY PATTERNS | JUMBO BAG VINTAGE DOILY
"23199,23203",23200,0.010466119982736296,0.6024844720496895,23.76096207215541,JUMBO BAG APPLES | JUMBO BAG VINTAGE DOILEY  | JUMBO BAG DOILEY PATTERNS | JUMBO BAG VINTAGE DOILY,JUMBO BAG PEARS
"23199,23203",23202,0.010088476478204576,0.5807453416149069,13.94390628519937,JUMBO BAG APPLES | JUMBO BAG VINTAGE DOILEY  | JUMBO BAG DOILEY PATTERNS | JUMBO BAG VINTAGE DOILY,JUMBO BAG VINTAGE LEAF
23200,23199,0.01683211048769961,0.6638297872340425,17.137533337284417,JUMBO BAG PEARS,JUMBO BAG APPLES
23200,23202,0.01294777729823047,0.5106382978723404,12.260610737515156,JUMBO BAG PEARS,JUMBO BAG VINTAGE LEAF
23200,23203,0.014620198532585239,0.5765957446808511,9.896091410559496,JUMBO BAG PEARS,JUMBO BAG VINTAGE DOILEY  | JUMBO BAG DOILEY PATTERNS | JUMBO BAG VINTAGE DOILY
23200,85099B,0.01105955977557186,0.43617021276595747,5.053031914893617,JUMBO BAG PEARS,JUMBO BAG RED RETROSPOT
"23200,23199",23203,0.010466119982736296,0.6217948717948718,10.671842355175688,JUMBO BAG PEARS | JUMBO BAG APPLES,JUMBO BAG VINTAGE DOILEY  | JUMBO BAG DOILEY PATTERNS | JUMBO BAG VINTAGE DOILY
"23200,23203",23199,0.010466119982736296,0.7158671586715867,18.4809382355662,JUMBO BAG PEARS | JUMBO BAG VINTAGE DOILEY  | JUMBO BAG DOILEY PATTERNS | JUMBO BAG VINTAGE DOILY,JUMBO BAG APPLES
23201,23199,0.014943892965041,0.3683510638297872,9.509408522491555,JUMBO BAG ALPHABET,JUMBO BAG APPLES
23201,23202,0.014134656883901597,0.3484042553191489,8.365312534450446,JUMBO BAG ALPHABET,JUMBO BAG VINTAGE LEAF
23201,23203,0.015861027190332326,0.39095744680851063,6.70998817966903,JUMBO BAG ALPHABET,JUMBO BAG VINTAGE DOILEY  | JUMBO BAG DOILEY PATTERNS | JUMBO BAG VINTAGE DOILY
23201,23207,0.012462235649546828,0.3071808510638298,8.80047025551646,JUMBO BAG ALPHABET,LUNCH BAG ALPHABET DESIGN
23201,85099B,0.015968925334484248,0.39361702127659576,4.560053191489361,JUMBO BAG ALPHABET,JUMBO BAG RED RETROSPOT
23202,23199,0.015321536469572723,0.36787564766839376,9.497135104709397,JUMBO BAG VINTAGE LEAF,JUMBO BAG APPLES
23202,23200,0.01294777729823047,0.31088082901554404,12.260610737515158,JUMBO BAG VINTAGE LEAF,JUMBO BAG PEARS
23202,23201,0.014134656883901597,0.3393782383419689,8.365312534450446,JUMBO BAG VINTAGE LEAF,JUMBO BAG ALPHABET
23202,23203,0.023090202848511005,0.5544041450777202,9.515217808482056,JUMBO BAG VINTAGE LEAF,JUMBO BAG VINTAGE DOILEY  | JUMBO BAG DOILEY PATTERNS | JUMBO BAG VINTAGE DOILY
23202,23209,0.013379369874838154,0.32124352331606215,5.919055614499531,JUMBO BAG VINTAGE LEAF,LUNCH BAG VINTAGE DOILEY  | LUNCH BAG DOILEY PATTERN  | LUNCH BAG VINTAGE DOILY
23202,85099B,0.0186124298662063,0.44689119170984454,5.177234455958549,JUMBO BAG VINTAGE LEAF,JUMBO BAG RED RETROSPOT
"23202,23203",23199,0.010088476478204576,0.4369158878504673,11.279488714758026,JUMBO BAG VINTAGE LEAF | JUMBO BAG VINTAGE DOILEY  | JUMBO BAG DOILEY PATTERNS | JUMBO BAG VINTAGE DOILY,JUMBO BAG APPLES
"23202,23203",23209,0.011113508847647821,0.48130841121495327,8.868322773638543,JUMBO BAG VINTAGE LEAF | JUMBO BAG VINTAGE DOILEY  | JUMBO BAG DOILEY PATTERNS | JUMBO BAG VINTAGE DOILY,LUNCH BAG VINTAGE DOILEY  | LUNCH BAG DOILEY PATTERN  | LUNCH BAG VINTAGE DOILY
"23202,23203",85099B,0.012192490289167026,0.5280373831775701,6.1173130841121495,JUMBO BAG VINTAGE LEAF | JUMBO BAG VINTAGE DOILEY  | JUMBO BAG DOILEY PATTERNS | JUMBO BAG VINTAGE DOILY,JUMBO BAG RED RETROSPOT
"23202,23209",23203,0.011113508847647821,0.8306451612903226,14.256332138590203,JUMBO BAG VINTAGE LEAF | LUNCH BAG VINTAGE DOILEY  | LUNCH BAG DOILEY PATTERN  | LUNCH BAG VINTAGE DOILY,JUMBO BAG VINTAGE DOILEY  | JUMBO BAG DOILEY PATTERNS | JUMBO BAG VINTAGE DOILY
"23202,85099B",23203,0.012192490289167026,0.6550724637681159,11.24298443370907,JUMBO BAG VINTAGE LEAF | JUMBO BAG RED RETROSPOT,JUMBO BAG VINTAGE DOILEY  | JUMBO BAG DOILEY PATTERNS | JUMBO BAG VINTAGE DOILY
23203,23202,0.023090202848511005,0.3962962962962963,9.515217808482056,JUMBO BAG VINTAGE DOILEY  | JUMBO BAG DOILEY PATTERNS | JUMBO BAG VINTAGE DOILY,JUMBO BAG VINTAGE LEAF
23203,23209,0.02389943892965041,0.4101851851851852,7.557845519475739,JUMBO BAG VINTAGE DOILEY  | JUMBO BAG DOILEY PATTERNS | JUMBO BAG VINTAGE DOILY,LUNCH BAG VINTAGE DOILEY  | LUNCH BAG DOILEY PATTERN  | LUNCH BAG VINTAGE DOILY
23203,85099B,0.025248165731549418,0.43333333333333335,5.020166666666666,JUMBO BAG VINTAGE DOILEY  | JUMBO BAG DOILEY PATTERNS | JUMBO BAG VINTAGE DOILY,JUMBO BAG RED RETROSPOT
"23203,20725",23209,0.010735865343116099,0.7713178294573644,14.21187603063788,JUMBO BAG VINTAGE DOILEY  | JUMBO BAG DOILEY PATTERNS | JUMBO BAG VINTAGE DOILY  | LUNCH BAG RED SPOTTY | LUNCH BAG RED RETROSPOT,LUNCH BAG VINTAGE DOILEY  | LUNCH BAG DOILEY PATTERN  | LUNCH BAG VINTAGE DOILY
"23203,85099B",22386,0.010358221838584376,0.41025641025641024,8.730783950072125,JUMBO BAG VINTAGE DOILEY  | JUMBO BAG DOILEY PATTERNS | JUMBO BAG VINTAGE DOILY  | JUMBO BAG RED RETROSPOT,JUMBO BAG PINK POLKADOT
"23203,85099B",23202,0.012192490289167026,0.4829059829059829,11.594747796820336,JUMBO BAG VINTAGE DOILEY  | JUMBO BAG DOILEY PATTERNS | JUMBO BAG VINTAGE DOILY  | JUMBO BAG RED RETROSPOT,JUMBO BAG VINTAGE LEAF
"23203,85099B",23209,0.01089771255934398,0.43162393162393164,7.9528640125061605,JUMBO BAG VINTAGE DOILEY  | JUMBO BAG DOILEY PATTERNS | JUMBO BAG VINTAGE DOILY  | JUMBO BAG RED RETROSPOT,LUNCH BAG VINTAGE DOILEY  | LUNCH BAG DOILEY PATTERN  | LUNCH BAG VINTAGE DOILY
23204,20724,0.011383254208027622,0.4964705882352941,12.452745363368622,CHARLOTTE BAG APPLES DESIGN,RED RETROSPOT CHARLOTTE BAG
23206,20725,0.020986189037548553,0.4491916859122402,6.459439169952897,LUNCH BAG APPLE DESIGN,LUNCH BAG RED SPOTTY | LUNCH BAG RED RETROSPOT
23206,20726,0.016076823478636166,0.3441108545034642,7.778583901312453,LUNCH BAG APPLE DESIGN,LUNCH BAG WOODLAND
23206,20727,0.017263703064307294,0.3695150115473441,6.510770203461568,LUNCH BAG APPLE DESIGN,LUNCH BAG  BLACK SKULL.
23206,20728,0.015645230902028486,0.3348729792147806,6.425678615657529,LUNCH BAG APPLE DESIGN,LUNCH BAG CARS BLUE
23206,22382,0.016724212343547692,0.3579676674364896,6.715879234415761,LUNCH BAG APPLE DESIGN,LUNCH BAG SPACEBOY DESIGN
23206,22383,0.019421665947345707,0.41570438799076215,7.387820264426431,LUNCH BAG APPLE DESIGN,LUNCH BAG SUKI  DESIGN  | LUNCH BAG SUKI DESIGN
23206,22384,0.015645230902028486,0.3348729792147806,6.6672454809078125,LUNCH BAG APPLE DESIGN,LUNCH BAG PINK POLKADOT
23206,23199,0.015968925334484248,0.3418013856812933,8.823997889956063,LUNCH BAG APPLE DESIGN,JUMBO BAG APPLES
23206,23207,0.01661631419939577,0.3556581986143187,10.189305053346231,LUNCH BAG APPLE DESIGN,LUNCH BAG ALPHABET DESIGN
23206,23208,0.01640051791109193,0.3510392609699769,10.89926924847486,LUNCH BAG APPLE DESIGN,LUNCH BAG VINTAGE LEAF DESIGN
23206,23209,0.020500647388864913,0.4387990762124711,8.08506926110772,LUNCH BAG APPLE DESIGN,LUNCH BAG VINTAGE DOILEY  | LUNCH BAG DOILEY PATTERN  | LUNCH BAG VINTAGE DOILY
"23206,20725",20726,0.010466119982736296,0.4987146529562982,11.273383911217003,LUNCH BAG APPLE DESIGN | LUNCH BAG RED SPOTTY | LUNCH BAG RED RETROSPOT,LUNCH BAG WOODLAND
"23206,20725",20727,0.0110056107034959,0.5244215938303342,9.24018884338315,LUNCH BAG APPLE DESIGN | LUNCH BAG RED SPOTTY | LUNCH BAG RED RETROSPOT,LUNCH BAG  BLACK SKULL.
"23206,20725",22382,0.010574018126888218,0.5038560411311054,9.452910504459686,LUNCH BAG APPLE DESIGN | LUNCH BAG RED SPOTTY | LUNCH BAG RED RETROSPOT,LUNCH BAG SPACEBOY DESIGN
"23206,20725",22383,0.011760897712559344,0.5604113110539846,9.959524507858731,LUNCH BAG APPLE DESIGN | LUNCH BAG RED SPOTTY | LUNCH BAG RED RETROSPOT,LUNCH BAG SUKI  DESIGN  | LUNCH BAG SUKI DESIGN
"23206,20725",22384,0.010466119982736296,0.4987146529562982,9.929296248332914,LUNCH BAG APPLE DESIGN | LUNCH BAG RED SPOTTY | LUNCH BAG RED RETROSPOT,LUNCH BAG PINK POLKADOT
"23206,20725",23209,0.012138541217091067,0.5784061696658098,10.657392406486533,LUNCH BAG APPLE DESIGN | LUNCH BAG RED SPOTTY | LUNCH BAG RED RETROSPOT,LUNCH BAG VINTAGE DOILEY  | LUNCH BAG DOILEY PATTERN  | LUNCH BAG VINTAGE DOILY
"23206,20727",20725,0.0110056107034959,0.6375,9.16733902249806,LUNCH BAG APPLE DESIGN | LUNCH BAG  BLACK SKULL.,LUNCH BAG RED SPOTTY | LUNCH BAG RED RETROSPOT
"23206,20727",22383,0.01089771255934398,0.63125,11.218456375838926,LUNCH BAG APPLE DESIGN | LUNCH BAG  BLACK SKULL.,LUNCH BAG SUKI  DESIGN  | LUNCH BAG SUKI DESIGN
"23206,22382",20725,0.010574018126888218,0.632258064516129,9.091959258239696,LUNCH BAG APPLE DESIGN | LUNCH BAG SPACEBOY DESIGN,LUNCH BAG RED SPOTTY | LUNCH BAG RED RETROSPOT
"23206,22383",20725,0.011760897712559344,0.6055555555555555,8.707973450564607,LUNCH BAG APPLE DESIGN | LUNCH BAG SUKI  DESIGN  | LUNCH BAG SUKI DESIGN,LUNCH BAG RED SPOTTY | LUNCH BAG RED RETROSPOT
"23206,22383",20727,0.01089771255934398,0.5611111111111111,9.88664976763836,LUNCH BAG APPLE DESIGN | LUNCH BAG SUKI  DESIGN  | LUNCH BAG SUKI DESIGN,LUNCH BAG  BLACK SKULL.
"23206,22383",23209,0.01078981441519206,0.5555555555555556,10.236359620057435,LUNCH BAG APPLE DESIGN | LUNCH BAG SUKI  DESIGN  | LUNCH BAG SUKI DESIGN,LUNCH BAG VINTAGE DOILEY  | LUNCH BAG DOILEY PATTERN  | LUNCH BAG VINTAGE DOILY
"23206,22384",20725,0.010466119982736296,0.6689655172413793,9.619817554372542,LUNCH BAG APPLE DESIGN | LUNCH BAG PINK POLKADOT,LUNCH BAG RED SPOTTY | LUNCH BAG RED RETROSPOT
"23206,23209",20725,0.012138541217091067,0.5921052631578947,8.514556367645257,LUNCH BAG APPLE DESIGN | LUNCH BAG VINTAGE DOILEY  | LUNCH BAG DOILEY PATTERN  | LUNCH BAG VINTAGE DOILY,LUNCH BAG RED SPOTTY | LUNCH BAG RED RETROSPOT
"23206,23209",22383,0.01078981441519206,0.5263157894736842,9.353585305545742,LUNCH BAG APPLE DESIGN | LUNCH BAG VINTAGE DOILEY  | LUNCH BAG DOILEY PATTERN  | LUNCH BAG VINTAGE DOILY,LUNCH BAG SUKI  DESIGN  | LUNCH BAG SUKI DESIGN
23207,20725,0.013918860595597755,0.3987635239567233,5.734275159085977,LUNCH BAG ALPHABET DESIGN,LUNCH BAG RED SPOTTY | LUNCH BAG RED RETROSPOT
23207,20726,0.0110056107034959,0.31530139103554866,7.127349492969427,LUNCH BAG ALPHABET DESIGN,LUNCH BAG WOODLAND
23207,20727,0.013163573586534312,0.37712519319938176,6.644859868007358,LUNCH BAG ALPHABET DESIGN,LUNCH BAG  BLACK SKULL.
23207,20728,0.012624082865774709,0.3616692426584235,6.939856192460184,LUNCH BAG ALPHABET DESIGN,LUNCH BAG CARS BLUE
23207,22382,0.013217522658610271,0.3786707882534776,7.104293250067268,LUNCH BAG ALPHABET DESIGN,LUNCH BAG SPACEBOY DESIGN
23207,22383,0.013918860595597755,0.3987635239567233,7.086750412331566,LUNCH BAG ALPHABET DESIGN,LUNCH BAG SUKI  DESIGN  | LUNCH BAG SUKI DESIGN
23207,22384,0.012138541217091067,0.34775888717156106,6.9238010017315315,LUNCH BAG ALPHABET DESIGN,LUNCH BAG PINK POLKADOT
23207,23201,0.012462235649546828,0.357032457496136,8.800470255516458,LUNCH BAG ALPHABET DESIGN,JUMBO BAG ALPHABET
23207,23206,0.01661631419939577,0.4760432766615147,10.189305053346231,LUNCH BAG ALPHABET DESIGN,LUNCH BAG APPLE DESIGN
23207,23208,0.013163573586534312,0.37712519319938176,11.709200303423351,LUNCH BAG ALPHABET DESIGN,LUNCH BAG VINTAGE LEAF DESIGN
23207,23209,0.014512300388433319,0.41576506955177744,7.660657384902333,LUNCH BAG ALPHABET DESIGN,LUNCH BAG VINTAGE DOILEY  | LUNCH BAG DOILEY PATTERN  | LUNCH BAG VINTAGE DOILY
23208,20725,0.014188605955977557,0.440536013400335,6.334969390526462,LUNCH BAG VINTAGE LEAF DESIGN,LUNCH BAG RED SPOTTY | LUNCH BAG RED RETROSPOT
23208,20726,0.010250323694432456,0.31825795644891125,7.19418229358173,LUNCH BAG VINTAGE LEAF DESIGN,LUNCH BAG WOODLAND
23208,20727,0.013109624514458351,0.40703517587939697,7.171866939259032,LUNCH BAG VINTAGE LEAF DESIGN,LUNCH BAG  BLACK SKULL.
23208,20728,0.01095166163141994,0.34003350083752093,6.524700798679387,LUNCH BAG VINTAGE LEAF DESIGN,LUNCH BAG CARS BLUE
23208,22382,0.012138541217091067,0.3768844221105528,7.0707789961955525,LUNCH BAG VINTAGE LEAF DESIGN,LUNCH BAG SPACEBOY DESIGN
23208,22383,0.013649115235217954,0.423785594639866,7.531437950378289,LUNCH BAG VINTAGE LEAF DESIGN,LUNCH BAG SUKI  DESIGN  | LUNCH BAG SUKI DESIGN
23208,22384,0.010574018126888218,0.32830820770519265,6.536542360927445,LUNCH BAG VINTAGE LEAF DESIGN,LUNCH BAG PINK POLKADOT
23208,23202,0.011275356063875702,0.3500837520938023,8.405637861153782,LUNCH BAG VINTAGE LEAF DESIGN,JUMBO BAG VINTAGE LEAF
23208,23203,0.010735865343116099,0.3333333333333333,5.720987654320987,LUNCH BAG VINTAGE LEAF DESIGN,JUMBO BAG VINTAGE DOILEY  | JUMBO BAG DOILEY PATTERNS | JUMBO BAG VINTAGE DOILY
23208,23206,0.01640051791109193,0.509212730318258,10.899269248474862,LUNCH BAG VINTAGE LEAF DESIGN,LUNCH BAG APPLE DESIGN
23208,23207,0.013163573586534312,0.40871021775544386,11.709200303423351,LUNCH BAG VINTAGE LEAF DESIGN,LUNCH BAG ALPHABET DESIGN
23208,23209,0.017209753992231333,0.5343383584589615,9.845423272758758,LUNCH BAG VINTAGE LEAF DESIGN,LUNCH BAG VINTAGE DOILEY  | LUNCH BAG DOILEY PATTERN  | LUNCH BAG VINTAGE DOILY
23209,20725,0.022604661199827365,0.4165009940357853,5.989342455738802,LUNCH BAG VINTAGE DOILEY  | LUNCH BAG DOILEY PATTERN  | LUNCH BAG VINTAGE DOILY,LUNCH BAG RED SPOTTY | LUNCH BAG RED RETROSPOT
23209,20727,0.01801899007337074,0.3320079522862823,5.849904376025218,LUNCH BAG VINTAGE DOILEY  | LUNCH BAG DOILEY PATTERN  | LUNCH BAG VINTAGE DOILY,LUNCH BAG  BLACK SKULL.
23209,22382,0.01667026327147173,0.3071570576540755,5.762614595825854,LUNCH BAG VINTAGE DOILEY  | LUNCH BAG DOILEY PATTERN  | LUNCH BAG VINTAGE DOILY,LUNCH BAG SPACEBOY DESIGN
23209,22383,0.017857142857142856,0.3290258449304175,5.847385485743258,LUNCH BAG VINTAGE DOILEY  | LUNCH BAG DOILEY PATTERN  | LUNCH BAG VINTAGE DOILY,LUNCH BAG SUKI  DESIGN  | LUNCH BAG SUKI DESIGN
23209,22384,0.016724212343547692,0.3081510934393638,6.135218762612296,LUNCH BAG VINTAGE DOILEY  | LUNCH BAG DOILEY PATTERN  | LUNCH BAG VINTAGE DOILY,LUNCH BAG PINK POLKADOT
23209,23203,0.02389943892965041,0.4403578528827038,7.557845519475738,LUNCH BAG VINTAGE DOILEY  | LUNCH BAG DOILEY PATTERN  | LUNCH BAG VINTAGE DOILY,JUMBO BAG VINTAGE DOILEY  | JUMBO BAG DOILEY PATTERNS | JUMBO BAG VINTAGE DOILY
23209,23206,0.020500647388864913,0.37773359840954274,8.08506926110772,LUNCH BAG VINTAGE DOILEY  | LUNCH BAG DOILEY PATTERN  | LUNCH BAG VINTAGE DOILY,LUNCH BAG APPLE DESIGN
23209,23208,0.017209753992231333,0.31709741550695825,9.845423272758758,LUNCH BAG VINTAGE DOILEY  | LUNCH BAG DOILEY PATTERN  | LUNCH BAG VINTAGE DOILY,LUNCH BAG VINTAGE LEAF DESIGN
"23209,20725",20727,0.01116745791972378,0.49403341288782815,8.704756027841048,LUNCH BAG VINTAGE DOILEY  | LUNCH BAG DOILEY PATTERN  | LUNCH BAG VINTAGE DOILY  | LUNCH BAG RED SPOTTY | LUNCH BAG RED RETROSPOT,LUNCH BAG  BLACK SKULL.
"23209,20725",22382,0.010034527406128615,0.4439140811455847,8.328331384731335,LUNCH BAG VINTAGE DOILEY  | LUNCH BAG DOILEY PATTERN  | LUNCH BAG VINTAGE DOILY  | LUNCH BAG RED SPOTTY | LUNCH BAG RED RETROSPOT,LUNCH BAG SPACEBOY DESIGN
"23209,20725",22383,0.011437203280103583,0.5059665871121718,8.991943105188126,LUNCH BAG VINTAGE DOILEY  | LUNCH BAG DOILEY PATTERN  | LUNCH BAG VINTAGE DOILY  | LUNCH BAG RED SPOTTY | LUNCH BAG RED RETROSPOT,LUNCH BAG SUKI  DESIGN  | LUNCH BAG SUKI DESIGN
"23209,20725",22384,0.011545101424255503,0.5107398568019093,10.168715344447035,LUNCH BAG VINTAGE DOILEY  | LUNCH BAG DOILEY PATTERN  | LUNCH BAG VINTAGE DOILY  | LUNCH BAG RED SPOTTY | LUNCH BAG RED RETROSPOT,LUNCH BAG PINK POLKADOT
"23209,20725",23203,0.010735865343116099,0.47494033412887826,8.151383364271192,LUNCH BAG VINTAGE DOILEY  | LUNCH BAG DOILEY PATTERN  | LUNCH BAG VINTAGE DOILY  | LUNCH BAG RED SPOTTY | LUNCH BAG RED RETROSPOT,JUMBO BAG VINTAGE DOILEY  | JUMBO BAG DOILEY PATTERNS | JUMBO BAG VINTAGE DOILY
"23209,20725",23206,0.012138541217091067,0.5369928400954654,11.493879080842435,LUNCH BAG VINTAGE DOILEY  | LUNCH BAG DOILEY PATTERN  | LUNCH BAG VINTAGE DOILY  | LUNCH BAG RED SPOTTY | LUNCH BAG RED RETROSPOT,LUNCH BAG APPLE DESIGN
"23209,20727",20725,0.01116745791972378,0.6197604790419161,8.912242233918509,LUNCH BAG VINTAGE DOILEY  | LUNCH BAG DOILEY PATTERN  | LUNCH BAG VINTAGE DOILY  | LUNCH BAG  BLACK SKULL.,LUNCH BAG RED SPOTTY | LUNCH BAG RED RETROSPOT
"23209,20727",22383,0.010034527406128615,0.5568862275449101,9.896877386167262,LUNCH BAG VINTAGE DOILEY  | LUNCH BAG DOILEY PATTERN  | LUNCH BAG VINTAGE DOILY  | LUNCH BAG  BLACK SKULL.,LUNCH BAG SUKI  DESIGN  | LUNCH BAG SUKI DESIGN
"23209,22383",20725,0.011437203280103583,0.6404833836858006,9.210240496508922,LUNCH BAG VINTAGE DOILEY  | LUNCH BAG DOILEY PATTERN  | LUNCH BAG VINTAGE DOILY  | LUNCH BAG SUKI  DESIGN  | LUNCH BAG SUKI DESIGN,LUNCH BAG RED SPOTTY | LUNCH BAG RED RETROSPOT
"23209,22383",20727,0.010034527406128615,0.5619335347432024,9.901140684410645,LUNCH BAG VINTAGE DOILEY  | LUNCH BAG DOILEY PATTERN  | LUNCH BAG VINTAGE DOILY  | LUNCH BAG SUKI  DESIGN  | LUNCH BAG SUKI DESIGN,LUNCH BAG  BLACK SKULL.
"23209,22383",23206,0.01078981441519206,0.6042296072507553,12.933025404157044,LUNCH BAG VINTAGE DOILEY  | LUNCH BAG DOILEY PATTERN  | LUNCH BAG VINTAGE DOILY  | LUNCH BAG SUKI  DESIGN  | LUNCH BAG SUKI DESIGN,LUNCH BAG APPLE DESIGN
"23209,23203",20725,0.010735865343116099,0.4492099322799097,6.459701555267965,LUNCH BAG VINTAGE DOILEY  | LUNCH BAG DOILEY PATTERN  | LUNCH BAG VINTAGE DOILY  | JUMBO BAG VINTAGE DOILEY  | JUMBO BAG DOILEY PATTERNS | JUMBO BAG VINTAGE DOILY,LUNCH BAG RED SPOTTY | LUNCH BAG RED RETROSPOT
"23209,23203",23202,0.011113508847647821,0.4650112866817156,11.165089650171346,LUNCH BAG VINTAGE DOILEY  | LUNCH BAG DOILEY PATTERN  | LUNCH BAG VINTAGE DOILY  | JUMBO BAG VINTAGE DOILEY  | JUMBO BAG DOILEY PATTERNS | JUMBO BAG VINTAGE DOILY,JUMBO BAG VINTAGE LEAF
"23209,23203",85099B,0.01089771255934398,0.45598194130925507,5.282550790067719,LUNCH BAG VINTAGE DOILEY  | LUNCH BAG DOILEY PATTERN  | LUNCH BAG VINTAGE DOILY  | JUMBO BAG VINTAGE DOILEY  | JUMBO BAG DOILEY PATTERNS | JUMBO BAG VINTAGE DOILY,JUMBO BAG RED RETROSPOT
"23209,85099B",23203,0.01089771255934398,0.792156862745098,13.595758896151052,LUNCH BAG VINTAGE DOILEY  | LUNCH BAG DOILEY PATTERN  | LUNCH BAG VINTAGE DOILY  | JUMBO BAG RED RETROSPOT,JUMBO BAG VINTAGE DOILEY  | JUMBO BAG DOILEY PATTERNS | JUMBO BAG VINTAGE DOILY
23243,22720,0.011545101424255503,0.5558441558441558,8.9905124543868,SET OF TEA COFFEE SUGAR TINS PANTRY,SET OF 3 CAKE TINS PANTRY DESIGN
23245,22423,0.013487268018990074,0.34818941504178275,3.787581571135261,SET OF 3 REGENCY CAKE TINS,REGENCY CAKESTAND 3 TIER
23254,23256,0.011545101424255503,0.7753623188405797,44.3583825371265,KIDS CUTLERY DOLLY GIRL  | CHILDRENS CUTLERY DOLLY GIRL,CHILDRENS CUTLERY SPACEBOY  | KIDS CUTLERY SPACEBOY
23256,23254,0.011545101424255503,0.6604938271604939,44.3583825371265,CHILDRENS CUTLERY SPACEBOY  | KIDS CUTLERY SPACEBOY,KIDS CUTLERY DOLLY GIRL  | CHILDRENS CUTLERY DOLLY GIRL
23293,23294,0.01089771255934398,0.4344086021505376,27.670782987843175,SET OF 12 FAIRY CAKE BAKING CASES,SET OF 6 SNACK LOAF BAKING CASES
23293,23295,0.013271471730686232,0.5290322580645161,27.315158594662595,SET OF 12 FAIRY CAKE BAKING CASES,SET OF 12 MINI LOAF BAKING CASES
23293,23296,0.011599050496331463,0.46236559139784944,26.86648464623993,SET OF 12 FAIRY CAKE BAKING CASES,SET OF 6 TEA TIME BAKING CASES
23294,23293,0.01089771255934398,0.6941580756013745,27.670782987843182,SET OF 6 SNACK LOAF BAKING CASES,SET OF 12 FAIRY CAKE BAKING CASES
23294,23295,0.010412170910660337,0.6632302405498282,34.24411069312428,SET OF 6 SNACK LOAF BAKING CASES,SET OF 12 MINI LOAF BAKING CASES
23295,23293,0.013271471730686232,0.6852367688022284,27.315158594662595,SET OF 12 MINI LOAF BAKING CASES,SET OF 12 FAIRY CAKE BAKING CASES
23295,23294,0.010412170910660337,0.5376044568245125,34.24411069312427,SET OF 12 MINI LOAF BAKING CASES,SET OF 6 SNACK LOAF BAKING CASES
23295,23296,0.010250323694432456,0.5292479108635098,30.752787698326074,SET OF 12 MINI LOAF BAKING CASES,SET OF 6 TEA TIME BAKING CASES
23296,23293,0.011599050496331463,0.6739811912225705,26.86648464623993,SET OF 6 TEA TIME BAKING CASES,SET OF 12 FAIRY CAKE BAKING CASES
23296,23295,0.010250323694432456,0.5956112852664577,30.75278769832607,SET OF 6 TEA TIME BAKING CASES,SET OF 12 MINI LOAF BAKING CASES
23298,47566,0.020986189037548553,0.3855302279484638,5.1783973226469024,"BUNTING , SPOTTY  | SPOTTY BUNTING",PARTY BUNTING
23300,23301,0.024978420371169617,0.7291338582677165,17.877282006415864,GARDENERS KNEELING PAD CUP OF TEA,GARDENERS KNEELING PAD KEEP CALM
23301,23300,0.024978420371169617,0.6124338624338624,17.877282006415868,GARDENERS KNEELING PAD KEEP CALM,GARDENERS KNEELING PAD CUP OF TEA
23321,22469,0.010843763487268019,0.34536082474226804,6.661402962978856,SMALL WHITE HEART OF WICKER,HEART OF WICKER SMALL
23321,23322,0.015159689253344842,0.48281786941580757,17.51372216730217,SMALL WHITE HEART OF WICKER,LARGE WHITE HEART OF WICKER
23322,22470,0.010358221838584376,0.37573385518590996,8.694884818634241,LARGE WHITE HEART OF WICKER,HEART OF WICKER LARGE
23322,23321,0.015159689253344842,0.5499021526418787,17.51372216730217,LARGE WHITE HEART OF WICKER,SMALL WHITE HEART OF WICKER
23343,23344,0.013217522658610271,0.6363636363636364,20.12907229289482,JUMBO BAG VINTAGE CHRISTMAS,JUMBO BAG 50'S CHRISTMAS
23344,23343,0.013217522658610271,0.4180887372013652,20.12907229289482,JUMBO BAG 50'S CHRISTMAS,JUMBO BAG VINTAGE CHRISTMAS
23355,22112,0.013271471730686232,0.34214186369958277,9.059916550764953,HOT WATER BOTTLE KEEP CALM,CHOCOLATE HOT WATER BOTTLE
23355,22114,0.012300388433318947,0.31710709318497915,11.43559743049956,HOT WATER BOTTLE KEEP CALM,HOT WATER BOTTLE TEA AND SYMPATHY
23355,23356,0.011760897712559344,0.3031988873435327,12.516914422716528,HOT WATER BOTTLE KEEP CALM,LOVE HOT WATER BOTTLE
23356,23355,0.011760897712559344,0.48552338530066813,12.516914422716528,LOVE HOT WATER BOTTLE,HOT WATER BOTTLE KEEP CALM
23439,22865,0.01095166163141994,0.5471698113207547,17.731362976645993,HAND WARMER RED LOVE HEART,HAND WARMER OWL DESIGN
47590A,47590B,0.013703064307293915,0.7154929577464789,36.942555612224886,BLUE HAPPY BIRTHDAY BUNTING,PINK HAPPY BIRTHDAY BUNTING
47590B,47590A,0.013703064307293915,0.7075208913649025,36.94255561222488,PINK HAPPY BIRTHDAY BUNTING,BLUE HAPPY BIRTHDAY BUNTING
82482,82494L,0.025248165731549418,0.5342465753424658,12.210597435940747,WOODEN PICTURE FRAME WHITE FINISH,WOODEN FRAME ANTIQUE WHITE
82482,85123A,0.01661631419939577,0.3515981735159817,3.2948552802286333,WOODEN PICTURE FRAME WHITE FINISH,CREAM HANGING HEART T-LIGHT HOLDER | WHITE HANGING HEART T-LIGHT HOLDER
82483,82482,0.010681916271040138,0.3889980353634578,8.231127378421293,WOOD 2 DRAWER CABINET WHITE FINISH,WOODEN PICTURE FRAME WHITE FINISH
82483,82486,0.01478204574881312,0.5383104125736738,17.849949566128117,WOOD 2 DRAWER CABINET WHITE FINISH,WOOD S/3 CABINET ANT WHITE FINISH | 3 DRAWER ANTIQUE WHITE WOOD CABINET
82483,82494L,0.010034527406128615,0.3654223968565815,8.351996976736862,WOOD 2 DRAWER CABINET WHITE FINISH,WOODEN FRAME ANTIQUE WHITE
82486,82482,0.01105955977557186,0.3667262969588551,7.7598614616773265,WOOD S/3 CABINET ANT WHITE FINISH | 3 DRAWER ANTIQUE WHITE WOOD CABINET,WOODEN PICTURE FRAME WHITE FINISH
82486,82483,0.01478204574881312,0.49016100178890876,17.84994956612812,WOOD S/3 CABINET ANT WHITE FINISH | 3 DRAWER ANTIQUE WHITE WOOD CABINET,WOOD 2 DRAWER CABINET WHITE FINISH
82494L,82482,0.025248165731549418,0.5770653514180024,12.210597435940745,WOODEN FRAME ANTIQUE WHITE,WOODEN PICTURE FRAME WHITE FINISH
82494L,85123A,0.013810962451445835,0.3156596794081381,2.958072708548659,WOODEN FRAME ANTIQUE WHITE,CREAM HANGING HEART T-LIGHT HOLDER | WHITE HANGING HEART T-LIGHT HOLDER
82580,82581,0.012138541217091067,0.587467362924282,36.05726834160428,BATHROOM METAL SIGN,TOILET METAL SIGN
82581,82580,0.012138541217091067,0.7450331125827815,36.05726834160428,TOILET METAL SIGN,BATHROOM METAL SIGN
84378,84380,0.013109624514458351,0.46641074856046066,17.36022015123835,SET OF 3 HEART COOKIE CUTTERS,SET OF 3 BUTTERFLY COOKIE CUTTERS
84380,84378,0.013109624514458351,0.4879518072289157,17.36022015123835,SET OF 3 BUTTERFLY COOKIE CUTTERS,SET OF 3 HEART COOKIE CUTTERS
84596B,84596F,0.012138541217091067,0.6232686980609419,40.11426592797784,SMALL DOLLY MIX DESIGN ORANGE BOWL,SMALL MARSHMALLOWS PINK BOWL
84596F,84596B,0.012138541217091067,0.78125,40.11426592797784,SMALL MARSHMALLOWS PINK BOWL,SMALL DOLLY MIX DESIGN ORANGE BOWL
84991,21212,0.017803193785066895,0.502283105022831,9.047929674152766,60 TEATIME FAIRY CAKE CASES,PACK OF 72 RETROSPOT CAKE CASES
84991,21975,0.012030643072939145,0.3394216133942161,11.893230672731928,60 TEATIME FAIRY CAKE CASES,PACK OF 60 DINOSAUR CAKE CASES
84991,21977,0.015105740181268883,0.426179604261796,11.808169124957624,60 TEATIME FAIRY CAKE CASES,PACK OF 60 PINK PAISLEY CAKE CASES
84991,84992,0.011976694000863186,0.3378995433789954,12.501608654836446,60 TEATIME FAIRY CAKE CASES,72 SWEETHEART FAIRY CAKE CASES
84992,21212,0.012192490289167026,0.45109780439121755,8.125897864135673,72 SWEETHEART FAIRY CAKE CASES,PACK OF 72 RETROSPOT CAKE CASES
84992,21975,0.010466119982736296,0.3872255489021956,13.568266114274287,72 SWEETHEART FAIRY CAKE CASES,PACK OF 60 DINOSAUR CAKE CASES
84992,84991,0.011976694000863186,0.4431137724550898,12.501608654836446,72 SWEETHEART FAIRY CAKE CASES,60 TEATIME FAIRY CAKE CASES
84997B,84997D,0.010358221838584376,0.588957055214724,25.747424470424818,RED 3 PIECE RETROSPOT CUTLERY SET | CHILDRENS CUTLERY RETROSPOT RED,PINK 3 PIECE POLKADOT CUTLERY SET | CHILDRENS CUTLERY POLKADOT PINK
84997C,84997D,0.012300388433318947,0.7402597402597403,32.36192109777016,BLUE 3 PIECE POLKADOT CUTLERY SET | CHILDRENS CUTLERY POLKADOT BLUE,PINK 3 PIECE POLKADOT CUTLERY SET | CHILDRENS CUTLERY POLKADOT PINK
84997D,84997B,0.010358221838584376,0.4528301886792453,25.747424470424818,PINK 3 PIECE POLKADOT CUTLERY SET | CHILDRENS CUTLERY POLKADOT PINK,RED 3 PIECE RETROSPOT CUTLERY SET | CHILDRENS CUTLERY RETROSPOT RED
84997D,84997C,0.012300388433318947,0.5377358490566038,32.36192109777015,PINK 3 PIECE POLKADOT CUTLERY SET | CHILDRENS CUTLERY POLKADOT PINK,BLUE 3 PIECE POLKADOT CUTLERY SET | CHILDRENS CUTLERY POLKADOT BLUE
85099B,22386,0.02945619335347432,0.34125,7.262238805970149,JUMBO BAG RED RETROSPOT,JUMBO BAG PINK POLKADOT
85099C,21931,0.013001726370306431,0.3713405238828968,8.892981848441051,JUMBO  BAG BAROQUE BLACK WHITE,JUMBO STORAGE BAG SUKI
85099C,22386,0.013487268018990074,0.3852080123266564,8.197721832935596,JUMBO  BAG BAROQUE BLACK WHITE,JUMBO BAG PINK POLKADOT
85099C,22411,0.01278593008200259,0.36517719568567025,8.568258859784283,JUMBO  BAG BAROQUE BLACK WHITE,JUMBO SHOPPER VINTAGE RED PAISLEY
85099C,85099B,0.019529564091497625,0.5577812018489985,6.461895223420647,JUMBO  BAG BAROQUE BLACK WHITE,JUMBO BAG RED RETROSPOT
85099C,85099F,0.01105955977557186,0.31587057010785824,8.952564048194587,JUMBO  BAG BAROQUE BLACK WHITE,JUMBO BAG STRAWBERRY
85099F,21929,0.010843763487268019,0.3073394495412844,9.46319607424792,JUMBO BAG STRAWBERRY,JUMBO BAG PINK VINTAGE PAISLEY
85099F,21931,0.011706948640483383,0.3318042813455658,7.946155244213704,JUMBO BAG STRAWBERRY,JUMBO STORAGE BAG SUKI
85099F,22386,0.015807078118256365,0.44801223241590216,9.534276395018557,JUMBO BAG STRAWBERRY,JUMBO BAG PINK POLKADOT
85099F,85099B,0.02233491583944756,0.6330275229357798,7.333623853211009,JUMBO BAG STRAWBERRY,JUMBO BAG RED RETROSPOT
85099F,85099C,0.01105955977557186,0.31345565749235477,8.952564048194589,JUMBO BAG STRAWBERRY,JUMBO  BAG BAROQUE BLACK WHITE
"85099F,22386",85099B,0.012516184721622789,0.7918088737201365,9.17310580204778,JUMBO BAG STRAWBERRY | JUMBO BAG PINK POLKADOT,JUMBO BAG RED RETROSPOT
"85099F,85099B",22386,0.012516184721622789,0.5603864734299517,11.92574474339562,JUMBO BAG STRAWBERRY | JUMBO BAG RED RETROSPOT,JUMBO BAG PINK POLKADOT
85152,21166,0.014134656883901597,0.4440677966101695,13.67315727236894,HAND OVER THE CHOCOLATE   SIGN,COOK WITH WINE METAL SIGN
85152,21175,0.014242555028053518,0.44745762711864406,11.985656902125992,HAND OVER THE CHOCOLATE   SIGN,GIN AND TONIC DIET METAL SIGN | GIN + TONIC DIET METAL SIGN
85152,21181,0.01267803193785067,0.3983050847457627,10.638304107849361,HAND OVER THE CHOCOLATE   SIGN,PLEASE ONE PERSON METAL SIGN
